-- phpMyAdmin SQL Dump
-- version 4.9.7
-- https://www.phpmyadmin.net/
--
-- Host: localhost:3306
-- Waktu pembuatan: 23 Agu 2022 pada 19.02
-- Versi server: 10.3.35-MariaDB-cll-lve
-- Versi PHP: 7.4.30

SET SQL_MODE = "NO_AUTO_VALUE_ON_ZERO";
SET AUTOCOMMIT = 0;
START TRANSACTION;
SET time_zone = "+00:00";


/*!40101 SET @OLD_CHARACTER_SET_CLIENT=@@CHARACTER_SET_CLIENT */;
/*!40101 SET @OLD_CHARACTER_SET_RESULTS=@@CHARACTER_SET_RESULTS */;
/*!40101 SET @OLD_COLLATION_CONNECTION=@@COLLATION_CONNECTION */;
/*!40101 SET NAMES utf8mb4 */;

--
-- Database: `mobftuba_mob_db`
--

-- --------------------------------------------------------

--
-- Struktur dari tabel `aktifitas_rc`
--

CREATE TABLE `aktifitas_rc` (
  `id` int(11) NOT NULL,
  `beta` int(11) NOT NULL,
  `kata_sandi` varchar(100) NOT NULL,
  `status_tebak` tinyint(1) DEFAULT 0,
  `image` longtext DEFAULT NULL
) ENGINE=InnoDB DEFAULT CHARSET=latin1;

-- --------------------------------------------------------

--
-- Struktur dari tabel `alpha`
--

CREATE TABLE `alpha` (
  `idalpha` int(11) NOT NULL
) ENGINE=InnoDB DEFAULT CHARSET=latin1;

--
-- Dumping data untuk tabel `alpha`
--

INSERT INTO `alpha` (`idalpha`) VALUES
(1),
(2),
(3),
(4),
(5),
(6),
(7),
(8),
(9),
(10),
(11),
(12),
(13),
(14),
(15),
(16),
(17),
(18),
(19),
(20),
(21),
(22),
(23),
(24),
(25);

-- --------------------------------------------------------

--
-- Struktur dari tabel `ambil_rc`
--

CREATE TABLE `ambil_rc` (
  `rc_idrc` int(11) NOT NULL,
  `users_nrp` bigint(20) UNSIGNED NOT NULL,
  `is_lolos` tinyint(1) DEFAULT NULL,
  `prestasi` longtext DEFAULT NULL,
  `file_syarat` varchar(200) DEFAULT NULL
) ENGINE=InnoDB DEFAULT CHARSET=utf8;

-- --------------------------------------------------------

--
-- Struktur dari tabel `daftar_petuah`
--

CREATE TABLE `daftar_petuah` (
  `idalpha` int(11) NOT NULL,
  `idpetuah` int(11) NOT NULL,
  `waktu_selesai` varchar(10) DEFAULT NULL
) ENGINE=InnoDB DEFAULT CHARSET=latin1;

-- --------------------------------------------------------

--
-- Struktur dari tabel `failed_jobs`
--

CREATE TABLE `failed_jobs` (
  `id` bigint(20) UNSIGNED NOT NULL,
  `connection` text COLLATE utf8mb4_unicode_ci NOT NULL,
  `queue` text COLLATE utf8mb4_unicode_ci NOT NULL,
  `payload` longtext COLLATE utf8mb4_unicode_ci NOT NULL,
  `exception` longtext COLLATE utf8mb4_unicode_ci NOT NULL,
  `failed_at` timestamp NOT NULL DEFAULT current_timestamp()
) ENGINE=InnoDB DEFAULT CHARSET=utf8mb4 COLLATE=utf8mb4_unicode_ci;

-- --------------------------------------------------------

--
-- Struktur dari tabel `kendala_maharu`
--

CREATE TABLE `kendala_maharu` (
  `idkendala` int(11) NOT NULL,
  `deskripsi` longtext DEFAULT NULL,
  `file` varchar(300) DEFAULT NULL,
  `status` varchar(100) NOT NULL DEFAULT 'Belum Dilihat',
  `nrp` bigint(20) UNSIGNED NOT NULL
) ENGINE=InnoDB DEFAULT CHARSET=latin1;

-- --------------------------------------------------------

--
-- Struktur dari tabel `list_pengumuman`
--

CREATE TABLE `list_pengumuman` (
  `idpengumuman` int(11) NOT NULL,
  `isi` longtext DEFAULT NULL
) ENGINE=InnoDB DEFAULT CHARSET=utf8;

-- --------------------------------------------------------

--
-- Struktur dari tabel `messages`
--

CREATE TABLE `messages` (
  `id` bigint(20) UNSIGNED NOT NULL,
  `from` bigint(20) NOT NULL,
  `to` bigint(20) NOT NULL,
  `message` text COLLATE utf8mb4_unicode_ci NOT NULL,
  `is_read` tinyint(4) NOT NULL,
  `created_at` timestamp NULL DEFAULT NULL,
  `updated_at` timestamp NULL DEFAULT NULL
) ENGINE=InnoDB DEFAULT CHARSET=utf8mb4 COLLATE=utf8mb4_unicode_ci;

-- --------------------------------------------------------

--
-- Struktur dari tabel `migrations`
--

CREATE TABLE `migrations` (
  `id` int(10) UNSIGNED NOT NULL,
  `migration` varchar(191) COLLATE utf8mb4_unicode_ci NOT NULL,
  `batch` int(11) NOT NULL
) ENGINE=InnoDB DEFAULT CHARSET=utf8mb4 COLLATE=utf8mb4_unicode_ci;

--
-- Dumping data untuk tabel `migrations`
--

INSERT INTO `migrations` (`id`, `migration`, `batch`) VALUES
(1, '2014_10_12_000000_create_users_table', 1),
(2, '2014_10_12_100000_create_password_resets_table', 1),
(3, '2019_09_01_091245_create_messages_table', 1),
(4, '2019_08_19_000000_create_failed_jobs_table', 2);

-- --------------------------------------------------------

--
-- Struktur dari tabel `password_resets`
--

CREATE TABLE `password_resets` (
  `email` varchar(191) COLLATE utf8mb4_unicode_ci NOT NULL,
  `token` varchar(191) COLLATE utf8mb4_unicode_ci NOT NULL,
  `created_at` timestamp NULL DEFAULT NULL
) ENGINE=InnoDB DEFAULT CHARSET=utf8mb4 COLLATE=utf8mb4_unicode_ci;

-- --------------------------------------------------------

--
-- Struktur dari tabel `pelanggarans`
--

CREATE TABLE `pelanggarans` (
  `idpelanggaran` int(11) NOT NULL,
  `nama_pelanggaran` varchar(45) DEFAULT NULL,
  `jenis_pelanggaran` varchar(45) DEFAULT NULL
) ENGINE=InnoDB DEFAULT CHARSET=utf8;

--
-- Dumping data untuk tabel `pelanggarans`
--

INSERT INTO `pelanggarans` (`idpelanggaran`, `nama_pelanggaran`, `jenis_pelanggaran`) VALUES
(3, 'Tidak mengikuti seluruh rangkaian kegiatan', 'Berat'),
(4, 'Terlambat >=10 menit', 'Ringan'),
(5, 'Terlambat >=20 menit', 'Sedang'),
(6, 'Terlambat >=30 menit', 'Berat'),
(7, 'Tidak mengikuti sesi', 'Sedang'),
(8, 'Tidak membawa perlengkapan atau tugas', 'Sedang'),
(9, 'Tidak membawa KTM', 'Sedang'),
(10, 'Tidak scan PeduliLindungi', 'Ringan'),
(11, 'Tidak menggunakan masker yang sesuai', 'Sedang'),
(12, 'Tidak menggunakan masker selama acara', 'Sedang'),
(13, 'Belum divaksin', 'Sedang'),
(14, 'Tidak menghormati panitia pelaksana', 'Berat'),
(15, 'Tidak menggunakan tas UBAYA beridentitas', 'Sedang'),
(16, 'Tidak menggunakan ID card peserta', 'Sedang'),
(17, 'Rambut tidak sesuai ketentuan', 'Sedang'),
(18, 'Tidak menggunakan panggilan kakak', 'Sedang'),
(19, 'Tidak menjaga kebersihan', 'Berat'),
(20, 'Tidak menjaga nama baik Teknik', 'Berat'),
(21, 'Meninggalkan area FT tanpa ijin', 'Berat'),
(22, 'Meninggalkan sesi tanpa ijin', 'Sedang'),
(23, 'Meminjam barang peserta lain', 'Ringan'),
(24, 'Menggunakan lift', 'Sedang'),
(25, 'Menggunakan alat komunikasi dan elektronik', 'Sedang'),
(26, 'Membawa barang terlarang', 'Berat'),
(27, 'Memakai perhiasan berlebihan', 'Sedang'),
(28, 'Memakai atau membawa alat kosmetik', 'Sedang'),
(29, 'Memperlihatkan tato', 'Sedang'),
(30, 'Melakukan tindakan tidak sopan', 'Berat'),
(31, 'Merusak sarana dan prasasrana', 'Berat'),
(32, 'Menerima tamu tanpa ijin', 'Sedang'),
(33, 'Makan di luar jam ishoma tanpa ijin', 'Sedang'),
(34, 'Membeli makan atau minum tanpa ijin', 'Sedang'),
(35, 'Menimbulkan keributan', 'Berat'),
(36, 'Pakaian tidak sesuai ketentuan', 'Sedang');

-- --------------------------------------------------------

--
-- Struktur dari tabel `perkenalan_jurusan`
--

CREATE TABLE `perkenalan_jurusan` (
  `id` int(11) NOT NULL,
  `jurusan` varchar(4) NOT NULL,
  `clue` varchar(100) NOT NULL,
  `jawaban` varchar(20) DEFAULT NULL,
  `id_zoom` varchar(150) DEFAULT NULL
) ENGINE=InnoDB DEFAULT CHARSET=utf8;

-- --------------------------------------------------------

--
-- Struktur dari tabel `petuah`
--

CREATE TABLE `petuah` (
  `idpetuah` int(11) NOT NULL,
  `nama_petuah` varchar(100) DEFAULT NULL,
  `clue` longtext NOT NULL,
  `link_zoom` longtext DEFAULT NULL
) ENGINE=InnoDB DEFAULT CHARSET=latin1;

-- --------------------------------------------------------

--
-- Struktur dari tabel `presensis`
--

CREATE TABLE `presensis` (
  `idpresensi` int(11) NOT NULL,
  `tanggal` date DEFAULT NULL,
  `waktu_buka_awal` time DEFAULT NULL,
  `waktu_tutup_awal` time DEFAULT NULL,
  `waktu_buka_akhir` time DEFAULT NULL,
  `waktu_tutup_akhir` time DEFAULT NULL
) ENGINE=InnoDB DEFAULT CHARSET=utf8;

--
-- Dumping data untuk tabel `presensis`
--

INSERT INTO `presensis` (`idpresensi`, `tanggal`, `waktu_buka_awal`, `waktu_tutup_awal`, `waktu_buka_akhir`, `waktu_tutup_akhir`) VALUES
(3, '2022-08-22', '06:55:00', '06:55:00', '06:55:00', '06:55:00'),
(4, '2022-08-23', '05:30:00', '17:31:00', '05:31:00', '17:31:00');

-- --------------------------------------------------------

--
-- Struktur dari tabel `rc_cabang`
--

CREATE TABLE `rc_cabang` (
  `idrc` int(11) NOT NULL,
  `nama_cabang` varchar(45) DEFAULT NULL,
  `juara` varchar(45) DEFAULT NULL,
  `medali` enum('Emas','Perak','Perunggu','-') DEFAULT NULL,
  `tanggal_seleksi` varchar(30) DEFAULT NULL,
  `jam_seleksi` varchar(30) DEFAULT NULL,
  `status` varchar(45) DEFAULT NULL,
  `kuota` int(2) DEFAULT NULL,
  `tanggal_juara` date DEFAULT NULL,
  `nrp_koor` bigint(20) UNSIGNED DEFAULT NULL
) ENGINE=InnoDB DEFAULT CHARSET=utf8;

-- --------------------------------------------------------

--
-- Struktur dari tabel `rc_syaratketentuan`
--

CREATE TABLE `rc_syaratketentuan` (
  `id_sk` int(11) NOT NULL,
  `persyaratan1` longtext DEFAULT NULL,
  `persyaratan2` longtext DEFAULT NULL,
  `persyaratan3` longtext DEFAULT NULL,
  `persyaratan4` longtext DEFAULT NULL,
  `persyaratan5` longtext DEFAULT NULL,
  `persyaratan6` longtext DEFAULT NULL,
  `persyaratan7` longtext NOT NULL,
  `persyaratan8` longtext NOT NULL,
  `idrc` int(11) NOT NULL
) ENGINE=InnoDB DEFAULT CHARSET=utf8;

-- --------------------------------------------------------

--
-- Struktur dari tabel `rekap_presensis`
--

CREATE TABLE `rekap_presensis` (
  `nrp` bigint(20) UNSIGNED NOT NULL,
  `idpresensi` int(11) NOT NULL,
  `waktu_awal` time DEFAULT NULL,
  `rekap_awal` tinyint(1) DEFAULT 0,
  `waktu_akhir` time DEFAULT NULL,
  `rekap_akhir` tinyint(1) DEFAULT 0
) ENGINE=InnoDB DEFAULT CHARSET=utf8mb4 COLLATE=utf8mb4_unicode_ci;

--
-- Dumping data untuk tabel `rekap_presensis`
--

INSERT INTO `rekap_presensis` (`nrp`, `idpresensi`, `waktu_awal`, `rekap_awal`, `waktu_akhir`, `rekap_akhir`) VALUES
(160121009, 3, '16:33:04', 1, '20:02:03', 1),
(160121009, 4, '19:02:37', 1, '16:16:46', 1),
(160122001, 3, '16:41:28', 1, '16:41:50', 1),
(160122001, 4, '17:11:25', 1, '13:05:47', 1),
(160122002, 3, '16:41:28', 1, '16:41:50', 1),
(160122002, 4, '17:17:57', 1, '17:19:05', 1),
(160122003, 3, '08:25:18', 1, '16:29:41', 1),
(160122003, 4, '06:40:21', 1, '15:54:28', 1),
(160122005, 3, '16:41:28', 1, '16:41:50', 1),
(160122005, 4, '17:11:25', 1, '13:06:39', 1),
(160122007, 3, NULL, 0, NULL, 0),
(160122007, 4, NULL, 0, NULL, 0),
(160122008, 3, '08:25:18', 1, '16:29:41', 1),
(160122008, 4, '16:01:59', 1, '19:01:29', 1),
(160122009, 3, '16:41:28', 1, '16:41:50', 1),
(160122009, 4, '17:11:25', 1, '17:12:32', 1),
(160122011, 3, NULL, 0, NULL, 0),
(160122011, 4, NULL, 0, NULL, 0),
(160122012, 3, '16:41:28', 1, '16:41:50', 1),
(160122012, 4, '17:11:25', 1, NULL, 0),
(160122013, 3, '16:33:04', 1, '20:02:03', 1),
(160122013, 4, '19:02:37', 1, '16:54:05', 1),
(160122014, 3, '16:41:28', 1, '16:41:50', 1),
(160122014, 4, '17:11:25', 1, '15:57:19', 1),
(160122015, 3, '08:25:18', 1, '16:29:41', 1),
(160122015, 4, '17:16:26', 1, '17:16:54', 1),
(160122016, 3, '16:33:04', 1, '20:02:03', 1),
(160122016, 4, '19:02:37', 1, '16:15:17', 1),
(160122018, 3, '16:41:28', 1, '16:41:50', 1),
(160122018, 4, '17:11:25', 1, '16:16:42', 1),
(160122019, 3, '08:25:18', 1, '16:29:41', 1),
(160122019, 4, '16:15:44', 1, '16:16:59', 1),
(160122020, 3, '16:33:04', 1, '20:02:03', 1),
(160122020, 4, '19:02:37', 1, '17:04:18', 1),
(160122021, 3, '16:41:28', 1, '16:41:50', 1),
(160122021, 4, '17:11:25', 1, '15:55:55', 1),
(160122022, 3, '16:41:28', 1, '16:41:50', 1),
(160122022, 4, '17:15:50', 1, '19:02:07', 1),
(160122023, 3, '16:41:28', 1, '16:41:50', 1),
(160122023, 4, '17:17:57', 1, '17:19:05', 1),
(160122024, 3, '16:33:04', 1, '20:02:03', 1),
(160122024, 4, '19:02:37', 1, '16:13:39', 1),
(160122026, 3, '08:25:18', 1, '16:29:41', 1),
(160122026, 4, '13:19:24', 1, '13:19:39', 1),
(160122027, 3, '16:41:28', 1, '16:41:50', 1),
(160122027, 4, '17:11:25', 1, '16:16:59', 1),
(160122028, 3, '16:41:28', 1, '16:41:50', 1),
(160122028, 4, '17:11:25', 1, '13:19:39', 1),
(160122029, 3, '08:25:18', 1, '16:29:41', 1),
(160122029, 4, '06:40:21', 1, '16:05:46', 1),
(160122030, 3, '16:41:28', 1, '16:41:50', 1),
(160122030, 4, '17:11:25', 1, '15:50:48', 1),
(160122031, 3, '16:41:28', 1, '16:41:50', 1),
(160122031, 4, '17:11:25', 1, '15:58:38', 1),
(160122032, 3, '08:25:18', 1, '16:29:41', 1),
(160122032, 4, '06:40:21', 1, '17:12:16', 1),
(160122033, 3, '16:33:04', 1, '20:02:03', 1),
(160122033, 4, '19:02:37', 1, '13:04:42', 1),
(160221042, 3, '16:33:04', 1, '20:02:03', 1),
(160221042, 4, '19:02:37', 1, '16:15:17', 1),
(160221044, 3, '08:25:18', 1, '16:29:41', 1),
(160221044, 4, '06:40:21', 1, '15:50:48', 1),
(160222002, 3, '16:33:04', 1, '20:02:03', 1),
(160222002, 4, '19:02:37', 1, '16:16:46', 1),
(160222004, 3, '08:31:48', 1, '16:38:44', 1),
(160222004, 4, '17:11:54', 1, '13:04:42', 1),
(160222006, 3, '16:33:04', 1, '20:02:03', 1),
(160222006, 4, '19:02:37', 1, '13:05:47', 1),
(160222007, 3, NULL, 0, NULL, 0),
(160222007, 4, NULL, 0, NULL, 0),
(160222009, 3, '08:31:48', 1, '16:38:44', 1),
(160222009, 4, '17:11:54', 1, '16:16:59', 1),
(160222011, 3, '16:33:04', 1, '20:02:03', 1),
(160222011, 4, '19:02:37', 1, NULL, 0),
(160222013, 3, '08:25:18', 1, '16:29:41', 1),
(160222013, 4, '06:40:21', 1, '15:54:28', 1),
(160222014, 3, '08:31:48', 1, '16:38:44', 1),
(160222014, 4, '17:11:54', 1, '17:04:18', 1),
(160222015, 3, '16:33:04', 1, '20:02:03', 1),
(160222015, 4, '19:02:37', 1, '17:16:54', 1),
(160222016, 3, '08:25:18', 1, '16:29:41', 1),
(160222016, 4, '06:40:21', 1, '16:13:39', 1),
(160222017, 3, '08:31:48', 1, '16:38:44', 1),
(160222017, 4, '17:11:54', 1, NULL, 0),
(160222018, 3, '08:25:18', 1, '16:29:41', 1),
(160222018, 4, '06:40:21', 1, NULL, 0),
(160222019, 3, '16:33:04', 1, '20:02:03', 1),
(160222019, 4, '19:02:37', 1, '17:12:16', 1),
(160222020, 3, '08:31:48', 1, '16:38:44', 1),
(160222020, 4, '17:15:50', 1, '19:02:07', 1),
(160222021, 3, '08:25:18', 1, '16:29:41', 1),
(160222021, 4, '06:40:21', 1, '17:16:03', 1),
(160222022, 3, '08:31:48', 1, '16:38:44', 1),
(160222022, 4, '17:11:54', 1, '15:58:38', 1),
(160222025, 3, NULL, 0, NULL, 0),
(160222025, 4, NULL, 0, NULL, 0),
(160222026, 3, '08:25:18', 1, '16:29:41', 1),
(160222026, 4, '16:14:50', 1, '16:16:42', 1),
(160321075, 3, '09:50:54', 1, '16:55:09', 1),
(160321075, 4, '17:00:55', 1, '17:04:18', 1),
(160321076, 3, '09:45:01', 1, '16:31:26', 1),
(160321076, 4, '07:11:28', 1, '17:12:32', 1),
(160322001, 3, '16:40:50', 1, '16:41:25', 1),
(160322001, 4, '16:15:58', 1, NULL, 0),
(160322002, 3, '09:11:19', 1, '17:04:33', 1),
(160322002, 4, '06:36:29', 1, '17:16:03', 1),
(160322003, 3, '08:19:45', 1, '16:47:10', 1),
(160322003, 4, '07:22:15', 1, '13:06:39', 1),
(160322005, 3, '09:45:01', 1, '16:31:26', 1),
(160322005, 4, '07:11:28', 1, '13:04:42', 1),
(160322006, 3, '08:35:00', 1, '16:40:49', 1),
(160322006, 4, '16:14:50', 1, '16:16:42', 1),
(160322007, 3, '09:43:36', 1, '16:42:31', 1),
(160322007, 4, '06:38:04', 1, '13:04:42', 1),
(160322008, 3, NULL, 0, NULL, 0),
(160322008, 4, NULL, 0, NULL, 0),
(160322009, 3, '08:19:45', 1, '16:47:10', 1),
(160322009, 4, '17:17:57', 1, '17:19:05', 1),
(160322010, 3, '16:40:50', 1, '16:41:25', 1),
(160322010, 4, '16:15:44', 1, '16:16:59', 1),
(160322011, 3, '09:50:54', 1, '16:55:09', 1),
(160322011, 4, '07:18:19', 1, '17:16:03', 1),
(160322012, 3, '17:29:59', 1, '17:30:31', 1),
(160322012, 4, '06:48:22', 1, '15:55:55', 1),
(160322014, 3, '09:11:19', 1, '17:04:33', 1),
(160322014, 4, '06:36:29', 1, '15:57:19', 1),
(160322015, 3, '09:43:36', 1, '16:42:31', 1),
(160322015, 4, '06:38:04', 1, '13:04:42', 1),
(160322016, 3, '16:40:50', 1, '16:41:25', 1),
(160322016, 4, '16:15:44', 1, '16:16:59', 1),
(160322017, 3, NULL, 0, NULL, 0),
(160322017, 4, NULL, 0, NULL, 0),
(160322018, 3, '09:11:19', 1, '17:04:33', 1),
(160322018, 4, '06:36:29', 1, '16:16:46', 1),
(160322020, 3, '09:43:36', 1, '16:42:31', 1),
(160322020, 4, '06:38:04', 1, '15:57:19', 1),
(160322021, 3, '09:50:54', 1, '16:55:09', 1),
(160322021, 4, '15:59:39', 1, NULL, 0),
(160322023, 3, '08:21:29', 1, '16:47:10', 1),
(160322023, 4, '07:22:15', 1, '17:12:16', 1),
(160322024, 3, '16:40:50', 1, '16:41:25', 1),
(160322024, 4, '10:19:33', 1, '13:06:39', 1),
(160322025, 3, '17:05:17', 1, '17:06:54', 1),
(160322025, 4, '06:36:51', 1, '17:12:32', 1),
(160322027, 3, '17:29:59', 1, '17:30:31', 1),
(160322027, 4, '06:48:22', 1, '15:54:28', 1),
(160322029, 3, '16:40:50', 1, '16:41:25', 1),
(160322029, 4, '10:19:33', 1, '17:12:32', 1),
(160322031, 3, NULL, 0, NULL, 0),
(160322031, 4, NULL, 0, NULL, 0),
(160322033, 3, NULL, 0, NULL, 0),
(160322033, 4, NULL, 0, NULL, 0),
(160322034, 3, '09:11:19', 1, '17:04:33', 1),
(160322034, 4, '06:36:29', 1, '16:13:39', 1),
(160322035, 3, '09:43:36', 1, '16:42:31', 1),
(160322035, 4, '17:17:57', 1, '17:19:05', 1),
(160322036, 3, NULL, 0, NULL, 0),
(160322036, 4, NULL, 0, NULL, 0),
(160322038, 3, NULL, 0, NULL, 0),
(160322038, 4, NULL, 0, NULL, 0),
(160322040, 3, '09:50:54', 1, '16:55:09', 1),
(160322040, 4, '07:18:19', 1, '13:05:47', 1),
(160322042, 3, '08:19:45', 1, '16:47:10', 1),
(160322042, 4, '16:14:50', 1, '16:16:42', 1),
(160322043, 3, NULL, 0, NULL, 0),
(160322043, 4, NULL, 0, NULL, 0),
(160322044, 3, '09:45:01', 1, '16:31:26', 1),
(160322044, 4, '07:11:28', 1, '16:16:46', 1),
(160322045, 3, '17:29:59', 1, '17:30:31', 1),
(160322045, 4, '17:16:26', 1, '17:16:54', 1),
(160322046, 3, '09:43:36', 1, '16:42:31', 1),
(160322046, 4, '06:48:24', 1, '16:15:17', 1),
(160322047, 3, NULL, 0, NULL, 0),
(160322047, 4, NULL, 0, NULL, 0),
(160322048, 3, '09:50:54', 1, '16:55:09', 1),
(160322048, 4, '15:59:39', 1, NULL, 0),
(160322049, 3, '09:11:19', 1, '17:04:33', 1),
(160322049, 4, '17:16:26', 1, '17:16:54', 1),
(160322050, 3, '08:35:00', 1, '16:40:49', 1),
(160322050, 4, '17:15:50', 1, '19:02:07', 1),
(160322051, 3, '08:21:29', 1, '16:47:10', 1),
(160322051, 4, '07:22:15', 1, '13:05:47', 1),
(160322052, 3, '17:29:59', 1, '17:30:31', 1),
(160322052, 4, '16:01:59', 1, '19:01:29', 1),
(160322053, 3, '09:43:36', 1, '16:42:31', 1),
(160322053, 4, '06:38:04', 1, '16:13:39', 1),
(160322054, 3, '09:45:01', 1, '16:31:26', 1),
(160322054, 4, '16:15:58', 1, NULL, 0),
(160322055, 3, '09:11:19', 1, '17:04:33', 1),
(160322055, 4, '06:36:29', 1, '16:15:17', 1),
(160322056, 3, '08:35:00', 1, '16:40:49', 1),
(160322056, 4, '17:00:55', 1, '17:04:18', 1),
(160322057, 3, '08:19:45', 1, '16:47:10', 1),
(160322057, 4, '16:01:59', 1, '19:01:29', 1),
(160322058, 3, '09:43:36', 1, '16:42:31', 1),
(160322058, 4, '06:38:04', 1, '15:54:28', 1),
(160322059, 3, '09:50:54', 1, '16:55:09', 1),
(160322059, 4, '07:18:19', 1, '15:50:48', 1),
(160322060, 3, '17:29:59', 1, '17:30:31', 1),
(160322060, 4, '17:15:50', 1, '19:02:07', 1),
(160322061, 3, '09:45:01', 1, '16:31:26', 1),
(160322061, 4, '07:11:28', 1, '16:54:05', 1),
(160322062, 3, '16:40:50', 1, '16:41:25', 1),
(160322062, 4, '17:15:50', 1, '19:02:07', 1),
(160322063, 3, '09:50:54', 1, '16:55:09', 1),
(160322063, 4, '15:58:26', 1, '15:58:38', 1),
(160322065, 3, '09:45:01', 1, '16:31:26', 1),
(160322065, 4, '07:11:28', 1, '13:05:47', 1),
(160322067, 3, '08:35:00', 1, '16:40:49', 1),
(160322067, 4, '07:00:17', 1, '15:50:48', 1),
(160322068, 3, '09:11:19', 1, '17:04:33', 1),
(160322068, 4, '13:19:24', 1, '13:19:39', 1),
(160322069, 3, '09:43:36', 1, '16:42:31', 1),
(160322069, 4, '16:14:50', 1, '16:16:42', 1),
(160322070, 3, '17:29:59', 1, '17:30:31', 1),
(160322070, 4, '06:48:22', 1, '15:50:48', 1),
(160322071, 3, NULL, 0, NULL, 0),
(160322071, 4, NULL, 0, NULL, 0),
(160322072, 3, '08:19:45', 1, '16:47:10', 1),
(160322072, 4, '07:22:15', 1, '17:12:16', 1),
(160322073, 3, '16:40:50', 1, '16:41:25', 1),
(160322073, 4, '10:19:33', 1, '16:13:39', 1),
(160322074, 3, '09:43:36', 1, '16:42:31', 1),
(160322074, 4, '06:38:04', 1, '15:54:28', 1),
(160322075, 3, '09:45:01', 1, '16:31:26', 1),
(160322075, 4, '07:11:28', 1, '15:55:55', 1),
(160322076, 3, '08:35:00', 1, '16:40:49', 1),
(160322076, 4, '15:58:26', 1, '15:58:38', 1),
(160322077, 3, '08:19:45', 1, '16:47:10', 1),
(160322077, 4, '07:22:15', 1, '16:15:17', 1),
(160322078, 3, '09:50:54', 1, '16:55:09', 1),
(160322078, 4, '17:16:26', 1, '17:16:54', 1),
(160322079, 3, '17:29:59', 1, '17:30:31', 1),
(160322079, 4, '13:19:24', 1, '13:19:39', 1),
(160322080, 3, '16:40:50', 1, '16:41:25', 1),
(160322080, 4, '10:19:33', 1, '17:12:16', 1),
(160322081, 3, '16:33:04', 1, '20:02:03', 1),
(160322081, 4, '19:02:37', 1, '13:19:39', 1),
(160322082, 3, '09:45:01', 1, '16:31:26', 1),
(160322082, 4, '16:15:58', 1, NULL, 0),
(160420132, 3, '08:34:09', 1, '16:36:59', 1),
(160420132, 4, '17:15:50', 1, '19:02:07', 1),
(160421148, 4, '15:58:26', 1, '15:58:38', 1),
(160421149, 3, '08:34:09', 1, '16:36:59', 1),
(160421149, 4, '07:11:06', 1, '17:12:16', 1),
(160422001, 3, '08:34:09', 1, '16:36:59', 1),
(160422001, 4, '07:11:06', 1, '17:16:03', 1),
(160422002, 3, '09:41:36', 1, '20:02:03', 1),
(160422002, 4, '15:58:26', 1, '15:58:38', 1),
(160422003, 3, '08:24:31', 1, '16:39:35', 1),
(160422003, 4, '06:53:37', 1, '17:16:03', 1),
(160422004, 3, '08:23:23', 1, '15:36:20', 1),
(160422004, 4, '16:57:42', 1, '13:04:42', 1),
(160422005, 3, '08:22:24', 1, '16:35:42', 1),
(160422005, 4, '06:33:17', 1, '16:13:39', 1),
(160422006, 3, '09:41:36', 1, '20:02:03', 1),
(160422006, 4, '10:18:54', 1, '17:12:16', 1),
(160422007, 3, '08:33:34', 1, '16:41:37', 1),
(160422007, 4, '06:46:17', 1, '17:16:03', 1),
(160422010, 3, '08:35:00', 1, '16:40:49', 1),
(160422010, 4, '16:15:58', 1, NULL, 0),
(160422011, 3, '08:23:23', 1, '15:36:20', 1),
(160422011, 4, '16:57:42', 1, '15:58:38', 1),
(160422013, 3, '08:24:32', 1, '16:38:57', 1),
(160422013, 4, '06:47:19', 1, '13:04:42', 1),
(160422014, 3, '09:41:36', 1, '20:02:03', 1),
(160422014, 4, '13:19:24', 1, '13:19:39', 1),
(160422015, 3, '09:11:19', 1, '17:04:33', 1),
(160422015, 4, '06:36:29', 1, '17:12:32', 1),
(160422016, 3, '08:23:23', 1, '15:36:20', 1),
(160422016, 4, '16:57:42', 1, NULL, 0),
(160422017, 3, '08:19:45', 1, '16:47:10', 1),
(160422017, 4, '13:19:24', 1, '13:19:39', 1),
(160422018, 3, '08:24:32', 1, '16:38:57', 1),
(160422018, 4, '15:58:26', 1, '15:58:38', 1),
(160422019, 3, '09:11:19', 1, '17:04:33', 1),
(160422019, 4, '06:42:58', 1, '17:12:16', 1),
(160422020, 3, '08:24:31', 1, '16:39:35', 1),
(160422020, 4, '06:53:37', 1, '13:05:47', 1),
(160422021, 3, '08:33:34', 1, '16:41:37', 1),
(160422021, 4, '17:15:50', 1, '19:02:07', 1),
(160422022, 3, '09:45:01', 1, '16:31:26', 1),
(160422022, 4, '16:15:58', 1, NULL, 0),
(160422023, 3, '09:41:36', 1, '20:02:03', 1),
(160422023, 4, '13:19:24', 1, '13:19:39', 1),
(160422024, 3, '08:23:23', 1, '15:36:20', 1),
(160422024, 4, '16:57:42', 1, '19:01:29', 1),
(160422025, 3, '08:33:34', 1, '16:41:37', 1),
(160422025, 4, '06:46:17', 1, '13:04:42', 1),
(160422026, 3, '08:22:24', 1, '16:35:42', 1),
(160422026, 4, '06:33:41', 1, '16:54:05', 1),
(160422027, 3, '08:23:23', 1, '15:36:20', 1),
(160422027, 4, '16:57:42', 1, '17:12:32', 1),
(160422028, 3, '16:40:50', 1, '16:41:25', 1),
(160422028, 4, '15:58:26', 1, '15:58:38', 1),
(160422029, 3, '09:50:54', 1, '16:55:09', 1),
(160422029, 4, '15:58:26', 1, '15:58:38', 1),
(160422030, 3, '09:41:36', 1, '20:02:03', 1),
(160422030, 4, '10:18:54', 1, '15:54:28', 1),
(160422031, 3, '08:24:32', 1, '16:38:57', 1),
(160422031, 4, '17:16:26', 1, '17:16:54', 1),
(160422033, 3, '08:19:45', 1, '16:47:10', 1),
(160422033, 4, '07:22:15', 1, '17:12:16', 1),
(160422034, 3, '08:22:24', 1, '16:35:42', 1),
(160422034, 4, '16:15:58', 1, NULL, 0),
(160422035, 3, '09:43:36', 1, '16:42:31', 1),
(160422035, 4, '06:38:04', 1, '15:50:48', 1),
(160422036, 3, '09:41:36', 1, '20:02:03', 1),
(160422036, 4, '15:59:39', 1, '18:11:38', 1),
(160422037, 3, '17:29:59', 1, '17:30:31', 1),
(160422037, 4, '06:48:22', 1, '16:15:17', 1),
(160422038, 3, '08:23:42', 1, '16:43:06', 1),
(160422038, 4, '13:19:24', 1, '13:19:39', 1),
(160422040, 3, '08:23:42', 1, '16:43:06', 1),
(160422040, 4, '17:15:50', 1, NULL, 0),
(160422041, 3, '09:50:54', 1, '16:55:09', 1),
(160422041, 4, '07:18:19', 1, '16:54:05', 1),
(160422042, 3, '08:35:00', 1, '16:40:49', 1),
(160422042, 4, '06:44:38', 1, '17:16:03', 1),
(160422043, 3, NULL, 0, NULL, 0),
(160422043, 4, NULL, 0, NULL, 0),
(160422045, 3, '16:40:50', 1, '16:41:25', 1),
(160422045, 4, '10:19:33', 1, '16:13:39', 1),
(160422046, 3, '08:24:31', 1, '16:39:35', 1),
(160422046, 4, '17:14:54', 1, '15:50:48', 1),
(160422047, 3, NULL, 0, NULL, 0),
(160422047, 4, NULL, 0, NULL, 0),
(160422048, 3, '16:40:50', 1, '16:41:25', 1),
(160422048, 4, '17:15:50', 1, '19:02:07', 1),
(160422049, 3, '08:24:31', 1, '16:39:35', 1),
(160422049, 4, '06:53:37', 1, '15:54:28', 1),
(160422050, 3, '08:34:09', 1, '16:36:59', 1),
(160422050, 4, '07:11:06', 1, '16:16:46', 1),
(160422052, 3, '08:22:24', 1, '16:35:42', 1),
(160422052, 4, '06:35:30', 1, '17:16:03', 1),
(160422053, 3, NULL, 0, NULL, 0),
(160422053, 4, NULL, 0, NULL, 0),
(160422054, 3, NULL, 0, NULL, 0),
(160422054, 4, NULL, 0, NULL, 0),
(160422055, 3, '08:34:09', 1, '16:36:59', 1),
(160422055, 4, '17:16:26', 1, '17:16:54', 1),
(160422056, 3, '08:22:24', 1, '16:35:42', 1),
(160422056, 4, '06:11:15', 1, '15:50:48', 1),
(160422057, 3, '09:50:54', 1, '16:55:09', 1),
(160422057, 4, '07:18:19', 1, '13:05:47', 1),
(160422058, 3, '08:35:00', 1, '16:40:49', 1),
(160422058, 4, '06:39:23', 1, '13:04:42', 1),
(160422059, 3, '08:23:23', 1, '15:36:20', 1),
(160422059, 4, '16:57:42', 1, '17:16:03', 1),
(160422060, 3, '08:23:42', 1, '16:43:06', 1),
(160422060, 4, '16:15:58', 1, NULL, 0),
(160422061, 3, '08:34:09', 1, '16:36:59', 1),
(160422061, 4, '07:11:06', 1, '16:15:17', 1),
(160422062, 3, '08:23:42', 1, '16:43:06', 1),
(160422062, 4, '06:43:01', 1, '13:06:39', 1),
(160422063, 3, '08:22:24', 1, '16:35:42', 1),
(160422063, 4, '06:28:47', 1, '15:50:48', 1),
(160422064, 3, '09:45:01', 1, '16:31:26', 1),
(160422064, 4, '16:15:58', 1, NULL, 0),
(160422065, 3, '08:22:24', 1, '16:35:42', 1),
(160422065, 4, '06:34:39', 1, '16:54:05', 1),
(160422066, 3, '09:43:36', 1, '16:42:31', 1),
(160422066, 4, '06:48:24', 1, '15:54:28', 1),
(160422067, 3, '08:24:32', 1, '16:38:57', 1),
(160422067, 4, '06:47:19', 1, '16:13:39', 1),
(160422069, 3, '08:24:31', 1, '16:39:35', 1),
(160422069, 4, '17:17:57', 1, '17:19:05', 1),
(160422070, 3, '08:19:45', 1, '16:47:10', 1),
(160422070, 4, '07:22:15', 1, '15:54:28', 1),
(160422071, 3, '09:50:54', 1, '16:55:09', 1),
(160422071, 4, '07:18:19', 1, '16:16:46', 1),
(160422072, 3, '08:33:34', 1, '16:41:37', 1),
(160422072, 4, '15:59:39', 1, NULL, 0),
(160422073, 3, '09:45:01', 1, '16:31:26', 1),
(160422073, 4, '07:11:28', 1, '13:05:47', 1),
(160422074, 3, NULL, 0, NULL, 0),
(160422074, 4, NULL, 0, NULL, 0),
(160422075, 3, '08:34:09', 1, '16:36:59', 1),
(160422075, 4, '07:11:06', 1, '15:50:48', 1),
(160422076, 3, '09:43:36', 1, '16:42:31', 1),
(160422076, 4, '15:59:39', 1, NULL, 0),
(160422077, 3, '08:33:34', 1, '16:41:37', 1),
(160422077, 4, '06:46:17', 1, '15:54:28', 1),
(160422078, 3, '08:24:31', 1, '16:39:35', 1),
(160422078, 4, '17:17:57', 1, '17:19:05', 1),
(160422079, 3, '09:41:36', 1, '20:02:03', 1),
(160422079, 4, '16:14:50', 1, '16:16:42', 1),
(160422080, 3, '09:43:36', 1, '16:42:31', 1),
(160422080, 4, '17:16:26', 1, '17:16:54', 1),
(160422081, 3, '08:34:09', 1, '16:36:59', 1),
(160422081, 4, '07:11:06', 1, '16:13:39', 1),
(160422082, 3, '08:22:24', 1, '16:35:42', 1),
(160422082, 4, '06:41:18', 1, '13:06:39', 1),
(160422083, 3, '08:24:31', 1, '16:39:35', 1),
(160422083, 4, '06:53:37', 1, '15:54:28', 1),
(160422084, 3, '08:23:23', 1, '15:36:20', 1),
(160422084, 4, '16:57:42', 1, '16:54:05', 1),
(160422085, 3, '08:23:42', 1, '16:43:06', 1),
(160422085, 4, '06:43:01', 1, '15:57:19', 1),
(160422086, 3, '09:41:36', 1, '20:02:03', 1),
(160422086, 4, '17:00:55', 1, '17:04:18', 1),
(160422087, 3, '08:23:42', 1, '16:43:06', 1),
(160422087, 4, '16:14:50', 1, '16:16:42', 1),
(160422089, 3, '08:23:23', 1, '15:36:20', 1),
(160422089, 4, '16:57:42', 1, '16:16:46', 1),
(160422091, 3, '09:41:36', 1, '20:02:03', 1),
(160422091, 4, '17:00:55', 1, '17:04:18', 1),
(160422092, 3, NULL, 0, NULL, 0),
(160422092, 4, NULL, 0, NULL, 0),
(160422093, 3, '08:22:24', 1, '16:35:42', 1),
(160422093, 4, '06:17:32', 1, '15:55:55', 1),
(160422094, 3, NULL, 0, NULL, 0),
(160422094, 4, NULL, 0, NULL, 0),
(160422095, 3, '08:24:32', 1, '16:38:57', 1),
(160422095, 4, '06:47:19', 1, '15:50:48', 1),
(160422096, 3, '08:24:32', 1, '16:38:57', 1),
(160422096, 4, '06:47:19', 1, '15:57:19', 1),
(160422097, 3, '08:23:42', 1, '16:43:06', 1),
(160422097, 4, '17:16:26', 1, '17:16:54', 1),
(160422100, 3, '08:24:31', 1, '16:39:35', 1),
(160422100, 4, '16:15:44', 1, '16:16:59', 1),
(160422101, 3, '09:41:36', 1, '20:02:03', 1),
(160422101, 4, '10:18:54', 1, '17:12:32', 1),
(160422102, 3, '08:23:42', 1, '16:43:06', 1),
(160422102, 4, '06:43:01', 1, '16:15:17', 1),
(160422103, 3, NULL, 0, NULL, 0),
(160422103, 4, NULL, 0, NULL, 0),
(160422104, 3, '08:19:45', 1, '16:47:10', 1),
(160422104, 4, '17:17:57', 1, '17:19:05', 1),
(160422106, 3, '08:24:32', 1, '16:38:57', 1),
(160422106, 4, '06:47:19', 1, '15:55:55', 1),
(160422107, 3, '09:11:19', 1, '17:04:33', 1),
(160422107, 4, '06:36:29', 1, '13:06:39', 1),
(160422108, 3, '08:23:23', 1, '15:36:20', 1),
(160422108, 4, '16:57:42', 1, '15:57:19', 1),
(160422109, 3, '17:29:59', 1, '17:30:31', 1),
(160422109, 4, '06:48:22', 1, '13:05:47', 1),
(160422110, 3, '08:22:24', 1, '16:35:42', 1),
(160422110, 4, '06:39:00', 1, '15:55:55', 1),
(160422111, 3, '08:22:24', 1, '16:35:42', 1),
(160422111, 4, '16:01:59', 1, '19:01:29', 1),
(160422112, 3, '08:24:32', 1, '16:38:57', 1),
(160422112, 4, '06:58:37', 1, '16:54:05', 1),
(160422113, 3, NULL, 0, NULL, 0),
(160422113, 4, NULL, 0, NULL, 0),
(160422114, 3, NULL, 0, NULL, 0),
(160422114, 4, '17:16:26', 1, '17:16:54', 1),
(160422115, 3, '08:35:00', 1, '16:40:49', 1),
(160422115, 4, '16:01:59', 1, '19:01:29', 1),
(160422116, 3, '08:23:42', 1, '16:43:06', 1),
(160422116, 4, '06:43:01', 1, '15:55:55', 1),
(160422117, 3, '09:11:19', 1, '17:04:33', 1),
(160422117, 4, '06:36:29', 1, '16:13:39', 1),
(160422118, 3, '08:24:31', 1, '16:39:35', 1),
(160422118, 4, '17:17:57', 1, NULL, 0),
(160422119, 3, '09:43:36', 1, '16:42:31', 1),
(160422119, 4, '17:00:55', 1, '17:04:18', 1),
(160422120, 3, '08:24:31', 1, '16:39:35', 1),
(160422120, 4, '16:01:59', 1, '19:01:29', 1),
(160422121, 3, '17:29:59', 1, '17:30:31', 1),
(160422121, 4, '06:48:22', 1, '16:15:17', 1),
(160422122, 3, NULL, 0, NULL, 0),
(160422122, 4, NULL, 0, NULL, 0),
(160422123, 3, '09:41:36', 1, '20:02:03', 1),
(160422123, 4, '16:15:44', 1, '16:16:59', 1),
(160422124, 3, '08:23:23', 1, '15:36:20', 1),
(160422124, 4, '16:57:42', 1, '13:04:42', 1),
(160422125, 3, NULL, 0, NULL, 0),
(160422125, 4, NULL, 0, NULL, 0),
(160422126, 3, '08:24:31', 1, '16:39:35', 1),
(160422126, 4, '06:53:37', 1, '16:16:46', 1),
(160422127, 3, '09:45:01', 1, '16:31:26', 1),
(160422127, 4, '07:11:28', 1, '16:15:17', 1),
(160422128, 3, '08:33:34', 1, '16:41:37', 1),
(160422128, 4, '06:46:17', 1, '15:55:55', 1),
(160422129, 3, '08:35:00', 1, '16:40:49', 1),
(160422129, 4, '17:15:50', 1, '19:02:07', 1),
(160422130, 3, '08:19:45', 1, '16:47:10', 1),
(160422130, 4, '07:22:15', 1, '13:06:39', 1),
(160422131, 3, '12:25:05', 1, '16:36:59', 1),
(160422131, 4, '07:11:06', 1, '17:12:32', 1),
(160422132, 3, '08:24:32', 1, '16:38:57', 1),
(160422132, 4, '15:59:39', 1, NULL, 0),
(160422134, 3, '08:23:42', 1, '16:43:06', 1),
(160422134, 4, '16:14:50', 1, '16:16:42', 1),
(160422135, 3, '17:29:59', 1, '17:30:31', 1),
(160422135, 4, '17:00:55', 1, '17:04:18', 1),
(160422136, 3, '08:23:23', 1, '15:36:20', 1),
(160422136, 4, '16:57:42', 1, '17:12:32', 1),
(160422137, 3, '16:40:50', 1, '16:41:25', 1),
(160422137, 4, '10:19:33', 1, '13:06:39', 1),
(160422138, 3, '08:22:24', 1, '16:35:42', 1),
(160422138, 4, '06:39:00', 1, '15:57:19', 1),
(160422139, 3, '09:45:01', 1, '16:31:26', 1),
(160422139, 4, '07:11:28', 1, '13:06:39', 1),
(160422140, 3, '08:24:32', 1, '16:38:57', 1),
(160422140, 4, '06:47:19', 1, '17:19:05', 1),
(160422141, 3, '09:11:19', 1, '17:04:33', 1),
(160422141, 4, '16:15:44', 1, '16:16:59', 1),
(160422142, 3, '08:23:23', 1, '15:36:20', 1),
(160422142, 4, '16:57:42', 1, '15:54:28', 1),
(160422143, 3, NULL, 0, NULL, 0),
(160422143, 4, NULL, 0, NULL, 0),
(160422145, 3, '08:33:34', 1, '16:41:37', 1),
(160422145, 4, '17:00:55', 1, '17:04:18', 1),
(160422146, 3, '08:34:09', 1, '16:36:59', 1),
(160422146, 4, '17:17:57', 1, '17:19:05', 1),
(160422147, 3, '08:22:24', 1, '16:35:42', 1),
(160422147, 4, '16:14:50', 1, '16:16:42', 1),
(160422148, 3, '08:23:42', 1, '16:43:06', 1),
(160422148, 4, '13:19:24', 1, '13:19:39', 1),
(160422149, 3, '08:23:23', 1, '15:36:20', 1),
(160422149, 4, '16:57:42', 1, '15:55:55', 1),
(160422150, 3, '08:24:32', 1, '16:38:57', 1),
(160422150, 4, '16:15:44', 1, '16:16:59', 1),
(160422151, 3, '08:24:31', 1, '16:39:35', 1),
(160422151, 4, '15:58:26', 1, '15:58:38', 1),
(160422153, 3, '09:41:36', 1, '20:02:03', 1),
(160422153, 4, '10:18:54', 1, '17:12:32', 1),
(160422154, 3, '08:23:42', 1, '16:43:06', 1),
(160422154, 4, '06:43:01', 1, '13:05:47', 1),
(160422155, 3, NULL, 0, NULL, 0),
(160422155, 4, NULL, 0, NULL, 0),
(160422156, 3, '08:24:31', 1, '16:39:35', 1),
(160422156, 4, '06:53:37', 1, '15:57:19', 1),
(160422157, 3, NULL, 0, NULL, 0),
(160422157, 4, NULL, 0, NULL, 0),
(160422158, 3, NULL, 0, NULL, 0),
(160422158, 4, NULL, 0, NULL, 0),
(160422159, 3, '08:34:09', 1, '16:36:59', 1),
(160422159, 4, '07:11:06', 1, '13:04:42', 1),
(160422160, 3, NULL, 0, NULL, 0),
(160422160, 4, NULL, 0, NULL, 0),
(160422161, 3, '08:23:23', 1, '15:36:20', 1),
(160422161, 4, '16:57:42', 1, '17:12:16', 1),
(160422162, 3, '09:41:36', 1, '20:02:03', 1),
(160422162, 4, '15:59:39', 1, '18:11:38', 1),
(160422163, 3, '08:24:31', 1, '16:39:35', 1),
(160422163, 4, '06:53:37', 1, '15:57:19', 1),
(160422164, 3, '09:41:36', 1, '20:02:03', 1),
(160422164, 4, '16:14:50', 1, '16:16:42', 1),
(160422165, 3, NULL, 0, NULL, 0),
(160422165, 4, NULL, 0, NULL, 0),
(160422166, 3, NULL, 0, NULL, 0),
(160422166, 4, NULL, 0, NULL, 0),
(160422167, 3, '17:29:59', 1, '17:30:31', 1),
(160422167, 4, '06:48:22', 1, '17:12:16', 1),
(160422168, 3, '09:11:19', 1, '17:04:33', 1),
(160422168, 4, '17:15:50', 1, '19:02:07', 1),
(160422170, 3, '08:35:00', 1, '16:40:49', 1),
(160422170, 4, '06:39:23', 1, '16:13:39', 1),
(160422172, 3, '08:33:34', 1, '16:41:37', 1),
(160422172, 4, '06:46:17', 1, '17:12:32', 1),
(160721056, 3, '21:34:01', 1, '21:42:38', 1),
(160721056, 4, '16:52:34', 1, '16:16:46', 1),
(160722001, 3, '09:40:21', 1, '16:41:15', 1),
(160722001, 4, '06:55:18', 1, '17:12:16', 1),
(160722002, 3, NULL, 0, NULL, 0),
(160722002, 4, NULL, 0, NULL, 0),
(160722005, 3, '08:32:09', 1, '16:40:05', 1),
(160722005, 4, '06:48:51', 1, '17:12:16', 1),
(160722006, 3, '08:32:42', 1, '16:42:27', 1),
(160722006, 4, '06:42:20', 1, '17:12:16', 1),
(160722007, 3, '08:32:09', 1, '16:40:05', 1),
(160722007, 4, '06:48:51', 1, '17:16:03', 1),
(160722008, 3, '09:40:21', 1, '16:41:15', 1),
(160722008, 4, '13:19:24', 1, '13:19:39', 1),
(160722009, 3, '21:34:01', 1, '21:42:38', 1),
(160722009, 4, '16:52:34', 1, '15:50:48', 1),
(160722011, 3, '09:40:21', 1, '16:41:15', 1),
(160722011, 4, '15:59:39', 1, NULL, 0),
(160722013, 3, '08:32:42', 1, '16:42:27', 1),
(160722013, 4, '06:31:40', 1, '16:54:05', 1),
(160722015, 3, '21:34:01', 1, '21:42:38', 1),
(160722015, 4, '16:52:34', 1, '13:05:47', 1),
(160722016, 3, '08:32:09', 1, '16:40:05', 1),
(160722016, 4, '06:48:51', 1, '17:12:16', 1),
(160722018, 3, '09:39:02', 1, '16:42:27', 1),
(160722018, 4, '06:42:20', 1, '15:57:19', 1),
(160722019, 3, '09:40:21', 1, '16:41:15', 1),
(160722019, 4, '15:58:26', 1, '15:58:38', 1),
(160722020, 3, '21:34:01', 1, '21:42:38', 1),
(160722020, 4, '16:52:34', 1, '16:13:39', 1),
(160722021, 3, '08:32:42', 1, '16:42:27', 1),
(160722021, 4, '16:01:59', 1, '19:01:29', 1),
(160722022, 3, '08:32:09', 1, '16:40:05', 1),
(160722022, 4, '17:15:50', 1, NULL, 0),
(160722023, 3, '19:40:14', 1, '16:42:27', 1),
(160722023, 4, '17:17:57', 1, '17:19:05', 1),
(160722025, 3, NULL, 0, NULL, 0),
(160722025, 4, NULL, 0, NULL, 0),
(160722026, 3, '21:34:01', 1, '21:42:38', 1),
(160722026, 4, '16:52:34', 1, '16:16:46', 1),
(160722027, 3, NULL, 0, NULL, 0),
(160722027, 4, NULL, 0, NULL, 0),
(160722028, 3, '08:32:09', 1, '16:40:05', 1),
(160722028, 4, '06:48:51', 1, '13:05:47', 1),
(160722029, 3, '21:34:01', 1, '21:42:38', 1),
(160722029, 4, '16:52:34', 1, '17:12:32', 1),
(160722030, 3, '09:40:21', 1, '16:41:15', 1),
(160722030, 4, '06:55:18', 1, '13:06:39', 1),
(160722031, 3, NULL, 0, NULL, 0),
(160722031, 4, NULL, 0, NULL, 0),
(160722032, 3, '08:32:42', 1, '16:42:27', 1),
(160722032, 4, '16:15:58', 1, NULL, 0),
(160722034, 3, '09:40:21', 1, '16:41:15', 1),
(160722034, 4, '06:55:18', 1, '15:55:55', 1),
(160722035, 3, '21:34:01', 1, '21:42:38', 1),
(160722035, 4, '16:52:34', 1, NULL, 0),
(160722036, 3, '08:32:09', 1, '16:40:05', 1),
(160722036, 4, '06:48:51', 1, '16:15:17', 1),
(160722038, 3, NULL, 0, NULL, 0),
(160722038, 4, NULL, 0, NULL, 0),
(160722039, 3, '08:32:09', 1, '16:40:05', 1),
(160722039, 4, '06:48:51', 1, '13:04:42', 1),
(160722040, 3, '21:34:01', 1, '21:42:38', 1),
(160722040, 4, '16:52:34', 1, '16:54:05', 1),
(160722041, 3, '09:40:21', 1, '16:41:15', 1),
(160722041, 4, '17:16:26', 1, '17:16:54', 1),
(160722042, 3, '08:32:09', 1, '16:40:05', 1),
(160722042, 4, '06:48:51', 1, NULL, 0),
(160722043, 3, '09:40:21', 1, '16:41:15', 1),
(160722043, 4, '16:15:44', 1, '16:16:59', 1),
(160722044, 3, '08:32:42', 1, '16:42:27', 1),
(160722044, 4, '06:16:42', 1, '13:06:39', 1),
(160722045, 3, '08:32:09', 1, '16:40:05', 1),
(160722045, 4, '06:48:51', 1, '17:12:32', 1),
(160722047, 3, '08:32:42', 1, '16:42:27', 1),
(160722047, 4, '06:36:54', 1, '15:55:55', 1),
(160722048, 3, '21:34:01', 1, '21:42:38', 1),
(160722048, 4, '17:00:55', 1, '17:04:18', 1),
(160822001, 3, '08:32:42', 1, '16:42:27', 1),
(160822001, 4, '16:15:58', 1, NULL, 0),
(160822002, 3, '21:34:01', 1, '21:42:38', 1),
(160822002, 4, '16:52:34', 1, '13:19:39', 1),
(160822003, 3, '08:32:09', 1, '16:40:05', 1),
(160822003, 4, '06:48:51', 1, '13:06:39', 1),
(160822004, 3, '21:34:01', 1, '21:42:38', 1),
(160822004, 4, '16:52:34', 1, '17:16:03', 1),
(160822005, 3, NULL, 0, NULL, 0),
(160822005, 4, NULL, 0, NULL, 0),
(160822006, 3, '08:32:42', 1, '16:42:27', 1),
(160822006, 4, '16:01:59', 1, '19:01:29', 1),
(160822008, 3, '09:40:21', 1, '16:41:15', 1),
(160822008, 4, '06:55:18', 1, '15:54:28', 1),
(160822009, 3, '08:32:09', 1, '16:40:05', 1),
(160822009, 4, '15:58:26', 1, '15:58:38', 1),
(160822010, 3, '08:32:42', 1, '16:42:27', 1),
(160822010, 4, '17:17:57', 1, '17:19:05', 1),
(160822011, 3, '09:40:21', 1, '16:41:15', 1),
(160822011, 4, '06:55:18', 1, '16:15:17', 1),
(160822012, 3, NULL, 0, NULL, 0),
(160822012, 4, NULL, 0, NULL, 0),
(160822013, 3, '08:32:42', 1, '16:42:27', 1),
(160822013, 4, '16:15:44', 1, '16:16:59', 1),
(160822014, 3, '21:34:01', 1, '21:42:38', 1),
(160822014, 4, '09:21:23', 1, NULL, 0),
(160822015, 3, '08:32:09', 1, '16:40:05', 1),
(160822015, 4, '15:59:39', 1, NULL, 0),
(160822016, 3, '08:32:42', 1, '16:42:27', 1),
(160822016, 4, '17:00:55', 1, '17:04:18', 1),
(160822017, 3, '09:40:21', 1, '16:41:15', 1),
(160822017, 4, '06:55:18', 1, '15:57:19', 1),
(160822018, 3, '21:34:01', 1, '21:42:38', 1),
(160822018, 4, '17:15:50', 1, '19:02:07', 1),
(160822019, 3, '08:32:42', 1, '16:42:27', 1),
(160822019, 4, '06:38:18', 1, '16:13:39', 1),
(160822020, 3, '08:32:09', 1, '16:40:05', 1),
(160822020, 4, '06:48:51', 1, '17:12:32', 1),
(160822021, 3, '21:34:01', 1, '21:42:38', 1),
(160822021, 4, '16:52:34', 1, '13:04:42', 1),
(160822022, 3, '09:40:21', 1, '16:41:15', 1),
(160822022, 4, '06:55:18', 1, '16:16:46', 1),
(160822023, 3, '08:32:42', 1, '16:42:27', 1),
(160822023, 4, '17:16:26', 1, '17:16:54', 1),
(160822024, 3, '08:32:09', 1, '16:40:05', 1),
(160822024, 4, '06:48:51', 1, '16:54:05', 1),
(160822025, 3, NULL, 0, NULL, 0),
(160822025, 4, NULL, 0, NULL, 0),
(160822026, 3, '21:34:01', 1, '21:42:38', 1),
(160822026, 4, '16:52:34', 1, '15:54:28', 1),
(160822027, 3, '09:40:21', 1, '16:41:15', 1),
(160822027, 4, '16:01:59', 1, '19:01:29', 1),
(160822028, 3, '08:32:09', 1, '16:40:05', 1),
(160822028, 4, '06:48:51', 1, '16:15:17', 1),
(160822900, 3, '21:34:01', 1, '21:42:38', 1),
(160822900, 4, '17:16:26', 1, '17:16:54', 1),
(160922001, 3, '08:33:34', 1, '16:41:37', 1),
(160922001, 4, '06:46:17', 1, '16:16:46', 1),
(160922006, 3, '08:33:34', 1, '16:41:37', 1),
(160922006, 4, '06:46:17', 1, '15:57:19', 1),
(160922008, 3, NULL, 0, NULL, 0),
(160922008, 4, NULL, 0, NULL, 0),
(160922009, 3, NULL, 0, NULL, 0),
(160922009, 4, NULL, 0, NULL, 0),
(160922010, 3, NULL, 0, NULL, 0),
(160922010, 4, NULL, 0, NULL, 0),
(160922011, 3, '08:33:34', 1, '16:41:37', 1),
(160922011, 4, '16:01:59', 1, '19:01:29', 1),
(160922014, 3, '08:33:34', 1, '16:41:37', 1),
(160922014, 4, '06:46:17', 1, '17:16:03', 1),
(160922015, 3, '08:33:34', 1, '16:41:37', 1),
(160922015, 4, '06:46:17', 1, '13:04:42', 1),
(161021019, 3, '08:31:48', 1, '16:38:44', 1),
(161021019, 4, '17:11:54', 1, '13:06:39', 1),
(161022001, 3, '08:34:39', 1, '16:37:37', 1),
(161022001, 4, '16:15:58', 1, '15:59:33', 1),
(161022002, 3, '08:31:48', 1, '16:38:44', 1),
(161022002, 4, '17:11:54', 1, '13:19:39', 1),
(161022004, 3, '08:34:39', 1, '16:37:37', 1),
(161022004, 4, '15:59:18', 1, '17:12:32', 1),
(161022005, 3, '08:34:39', 1, '16:37:37', 1),
(161022005, 4, '15:59:18', 1, '16:54:05', 1),
(161022006, 3, '08:31:48', 1, '16:38:44', 1),
(161022006, 4, '17:11:54', 1, '13:04:42', 1),
(161022007, 3, '08:34:39', 1, '16:37:37', 1),
(161022007, 4, '15:59:18', 1, '17:16:03', 1),
(161022008, 3, '08:31:48', 1, '16:38:44', 1),
(161022008, 4, '17:11:54', 1, '16:16:59', 1),
(161022010, 3, '08:34:39', 1, '16:37:37', 1),
(161022010, 4, '15:59:18', 1, '16:16:46', 1),
(161022011, 3, '08:34:39', 1, '16:37:37', 1),
(161022011, 4, '17:17:57', 1, '17:19:05', 1),
(161022012, 3, '08:31:48', 1, '16:38:44', 1),
(161022012, 4, '17:11:54', 1, '13:05:47', 1),
(161022013, 3, '08:34:39', 1, '16:37:37', 1),
(161022013, 4, '15:59:18', 1, '15:59:33', 1),
(161022014, 3, '08:34:39', 1, '16:37:37', 1),
(161022014, 4, '17:16:26', 1, '17:16:54', 1),
(161022015, 3, '08:34:39', 1, '16:37:37', 1),
(161022015, 4, '16:14:50', 1, '16:16:42', 1),
(161022016, 3, '08:34:39', 1, '16:37:37', 1),
(161022016, 4, '15:59:18', 1, '16:13:39', 1),
(161022017, 3, '08:31:48', 1, '16:38:44', 1),
(161022017, 4, '17:11:54', 1, '16:15:17', 1),
(161022018, 3, '08:34:39', 1, '16:37:37', 1),
(161022018, 4, '17:15:50', 1, '19:02:07', 1),
(161022019, 3, NULL, 0, NULL, 0),
(161022019, 4, NULL, 0, NULL, 0),
(161022021, 3, '08:31:48', 1, '16:38:44', 1),
(161022021, 4, '17:11:54', 1, '15:57:19', 1),
(161022022, 3, '08:34:39', 1, '16:37:37', 1),
(161022022, 4, '15:59:18', 1, '15:59:33', 1),
(161022023, 3, NULL, 0, NULL, 0),
(161022023, 4, NULL, 0, NULL, 0),
(161022024, 3, '08:31:48', 1, '16:38:44', 1),
(161022024, 4, '17:11:54', 1, '19:01:29', 1),
(161022025, 3, '08:34:39', 1, '16:37:37', 1),
(161022025, 4, '15:59:39', 1, '15:59:33', 1);

-- --------------------------------------------------------

--
-- Struktur dari tabel `rundowns`
--

CREATE TABLE `rundowns` (
  `idrundown` int(11) NOT NULL,
  `tanggal` date DEFAULT NULL,
  `waktu_awal` time DEFAULT NULL,
  `waktu_akhir` time DEFAULT NULL,
  `kegiatan` varchar(100) DEFAULT NULL,
  `content` varchar(300) DEFAULT NULL,
  `media` enum('youtube','link','form') DEFAULT NULL
) ENGINE=InnoDB DEFAULT CHARSET=utf8;

-- --------------------------------------------------------

--
-- Struktur dari tabel `users`
--

CREATE TABLE `users` (
  `nrp` bigint(20) UNSIGNED NOT NULL,
  `name` varchar(191) COLLATE utf8mb4_unicode_ci NOT NULL,
  `email` varchar(191) COLLATE utf8mb4_unicode_ci DEFAULT NULL,
  `id_line` varchar(50) COLLATE utf8mb4_unicode_ci DEFAULT NULL,
  `no_hp` varchar(50) COLLATE utf8mb4_unicode_ci DEFAULT NULL,
  `password` varchar(191) COLLATE utf8mb4_unicode_ci DEFAULT NULL,
  `remember_token` varchar(100) COLLATE utf8mb4_unicode_ci DEFAULT NULL,
  `status` varchar(11) COLLATE utf8mb4_unicode_ci DEFAULT NULL,
  `divisi` varchar(11) COLLATE utf8mb4_unicode_ci DEFAULT NULL,
  `beta` int(11) DEFAULT NULL,
  `alpha` int(11) DEFAULT NULL,
  `instagram` varchar(45) COLLATE utf8mb4_unicode_ci DEFAULT NULL,
  `asal_sekolah` varchar(100) COLLATE utf8mb4_unicode_ci DEFAULT NULL,
  `is_reset` int(1) NOT NULL DEFAULT 0,
  `avatar` varchar(100) COLLATE utf8mb4_unicode_ci NOT NULL DEFAULT 'https://static.thenounproject.com/png/363640-200.png'
) ENGINE=InnoDB DEFAULT CHARSET=utf8mb4 COLLATE=utf8mb4_unicode_ci;

--
-- Dumping data untuk tabel `users`
--

INSERT INTO `users` (`nrp`, `name`, `email`, `id_line`, `no_hp`, `password`, `remember_token`, `status`, `divisi`, `beta`, `alpha`, `instagram`, `asal_sekolah`, `is_reset`, `avatar`) VALUES
(160119008, 'Bryan Hugo', 's160119008@student.ubaya.ac.id', NULL, NULL, '$2a$04$yF0eeXtO7XaYA77HGJBsM.WQZimLQHIZQbJE5J/jAyimKo/cMnuri', '', 'panitia', 'BPH', 0, 0, '', '', 0, ''),
(160120007, 'Ricky Austin Wong', 's160120007@student.ubaya.ac.id', '', '', '$2y$10$u6QWHmfWcMZoEsYy91rTnuKxT2S.wo4n9ivWikTEGrXVlW1FJFO66', '', 'panitia', 'MAPING', 1, 1, '', '', 1, ''),
(160121009, 'Nur Al Manar Haji', '', '', '', '$2y$10$2L5MWsALQqTl5DKo0lv0peGbakQ7PJhHMeZjlBFiO6Tsd7nCxAKxy', '', 'maharu', '', 14, 3, '', '', 1, ''),
(160122001, 'Yefta Prasista Triastomo', '', '', '', '$2y$10$krZGzDYgqKZMF/HuLgLcheRyuh.Dig9hdoBpw2/6F7cVsShJTj.Ne', '', 'maharu', '', 18, 1, '', '', 0, ''),
(160122002, 'Genando Paylino Siswanto', '', '', '', '$2y$10$NDa6iLJCpVNCJMwhZQHCuOPZMk6m31mFHEJFotnk2oX1ouseF/.iG', '', 'maharu', '', 6, 1, '', '', 1, ''),
(160122003, 'Johana Ongko', '', '', '', '$2y$10$1yAtZqnkMWCBocwL7ccEOO4syZ2r/zjvxX3c6eBvlfyLGVsc4gpiS', '', 'maharu', '', 22, 2, '', '', 1, ''),
(160122005, 'Matthew Yohannes Ho', '', '', '', '$2y$10$j1BdiBqpIv85zd4gyUj/j.moMeq0C2NksAay0mR75wO4PtTnR9GbW', '', 'maharu', '', 12, 1, '', '', 1, ''),
(160122007, 'Muhammad Ainuddin Hafidz', '', '', '', '$2y$10$bqjLog/DhswxdehFQPpvjO08/9p7eLpz9HfkXpahKHmNiuUyTfqGa', '', 'maharu', '', 3, 1, '', '', 0, ''),
(160122008, 'Bagas Rizky Utomo', 'rizkyutomo05@gmail.com', 'bagasrizkyutomo', '085946138109', '$2y$10$Osz9EB3CU96YcCqyV7b/zezOrpXFxhFs3CEQEWTxi3DYsOvrzLIYm', '', 'maharu', '', 9, 2, 'bagassrizkyy', 'SMA Negeri 6 Jakarta', 1, ''),
(160122009, 'Alim Nova Dianto', '', '', '', '$2y$10$3YKYH.rbPJ5l3PGBmps/ZuQbe1pM7Uj2BMuHDM2QihIQ9UJYGXcZi', '', 'maharu', '', 4, 1, '', '', 1, ''),
(160122011, 'Charles Putra Hendry Hermawan', '', '', '', '$2y$10$Gesco0yRDJM1w7g0jHhRbuG3C.Jq2ZIiYnJ/WCZYmqTlMFN2pGATC', '', 'maharu', '', 1, 3, '', '', 0, ''),
(160122012, 'Felipe Ariel Christnawan', '', '', '', '$2y$10$TIn4c2uU0tU0ZC1/UF.0WuVp3qpf7Y/cTlFOeRjmzbJiIIU89H2F.', '', 'maharu', '', 16, 1, '', '', 1, ''),
(160122013, 'Vallen Julian Manek', '', '', '', '$2y$10$kqPYOfpeLQ8yRK5nucRCpeyqH3BC5maoh/SkedJamrVGF7tiQWEU2', '', 'maharu', '', 19, 3, '', '', 1, ''),
(160122014, 'Tasya Fla Denalao', '', '', '', '$2y$10$52SpIdpAZUyxkXbX6T/AMuc29ZacR9YqN4X6/HISyg1HlxYX0S8A.', '', 'maharu', '', 5, 1, '', '', 1, ''),
(160122015, 'Tessa Fla Denalao', '', '', '', '$2y$10$IcQBbGH5CVknmt.epovGeOpIKh.rSys1NdCZfsAxCrr631ov6.TVS', '', 'maharu', '', 11, 2, '', '', 1, ''),
(160122016, 'Cornelia Laksmi Bayu Murti', '', '', '', '$2y$10$kVdolBswIh2ONAuuxx69NuUjmBZrez0suh.gN6gXNX3Qisp6wO7Fm', '', 'maharu', '', 15, 3, '', '', 1, ''),
(160122018, 'Jeremia Eliezer Luvian Wiyono', '', '', '', '$2y$10$gSKclq7w7F0CS0TSQROceeQ25gcyFyjpaziAxMOgrp9vPuMds96yW', '', 'maharu', '', 8, 1, '', '', 1, ''),
(160122019, 'Yosafat Gumilar Sabrang Pandega', '', '', '', '$2y$10$SbOEtudmPBVa6EwVX4b64usFw692bswcwnJ.gfsR9ouyf4aCmsO..', '', 'maharu', '', 10, 2, '', '', 0, ''),
(160122020, 'Inoru Rijkaard Mardiono', '', '', '', '$2y$10$dOvMiyb2Z3NbCcO5tiqocO/I4i6VtLxHt37L/ePiDI5btj49WXF7.', '', 'maharu', '', 13, 3, '', '', 1, ''),
(160122021, 'Adinda Seoulita', '', '', '', '$2y$10$0pfiJdcOjQJrOQBahhJMH.WSyrKxdkcYd0ju.jFSI6DAEKgNpuC.G', '', 'maharu', '', 7, 1, '', '', 0, ''),
(160122022, 'Djody El Sharon', '', '', '', '$2y$10$ApIZQDAaf3jejOqzZerl9e1rJa5VDJctqbDE7/Ip.qaQ0UqSECqy6', '', 'maharu', '', 17, 1, '', '', 0, ''),
(160122023, 'Agung', '', '', '', '$2y$10$wB4Sx4TbnLFa5bTT8hEFxuRA45KvZWMpSsda./v9of2054YI78Xtm', '', 'maharu', '', 6, 1, '', '', 1, ''),
(160122024, 'Zizi Aulia Azzahra', '', '', '', '$2y$10$Fi.irpIiHG.xb2QHNbg5RuNgoUOOJtUdzEB23rg1M3BwcQ1btq0Ja', '', 'maharu', '', 20, 3, '', '', 0, ''),
(160122026, 'Deddy Bala Pakabu', '', '', '', '$2y$10$QBBpgM06KBQ7RxbWAfmMcO4294P9Ar4EZtMxArI3zXyNob5L7rpb6', '', 'maharu', '', 23, 2, '', '', 0, ''),
(160122027, 'Mochammad Akhdan Aulia Rachman', '', '', '', '$2y$10$Q/bCK.3bdCnccvTeX9Jm1urIVXTWHKzlp1Jd54iyO47Jw1/znlhxG', '', 'maharu', '', 10, 1, '', '', 1, ''),
(160122028, 'Gregorius Frederick Beo Wuli', '', '', '', '$2y$10$RVogc8Rogjib.0dUqWmNcul6Wpn/soUdnmDW1vIoJ.QMawOCX5bWq', '', 'maharu', '', 23, 1, '', '', 0, ''),
(160122029, 'Reyhan Farreldi', '', '', '', '$2y$10$JKt32kcmM7HKgADCZtdqgO5cp9nXemOma.9zWQ0xGBfDvqNjEKCL.', '', 'maharu', '', 12, 2, '', '', 1, ''),
(160122030, 'Dionisius Advergario Djegaut', '', '', '', '$2y$10$0J4knKntRoMEitYWc1EvLO4/eVQNZAQ.M6syT.UcucccydusgHRn.', '', 'maharu', '', 21, 1, '', '', 1, ''),
(160122031, 'Elisabet Maya Putri', '', '', '', '$2y$10$SgANaldT6uYxZfpeiLYfJ.fF2JNaiu0rgog4eLF9oib/0fVD2Zp1S', '', 'maharu', '', 24, 1, '', '', 0, ''),
(160122032, 'Muhammad Ihsan', '', '', '', '$2y$10$D8n5UnMw9X1i1smrD6.AT.Iro6sAue9eo21ljWwLy4.6kwEvGnpGa', '', 'maharu', '', 25, 2, '', '', 0, ''),
(160122033, 'Berdiano Agur Wicaksana', '', '', '', '$2y$10$4dCkxOu4Vi4RRLHvNvEhOeWei/Wrk6NU4G9WSON.Sw4VA7jRJ13GS', '', 'maharu', '', 2, 3, '', '', 0, ''),
(160219004, 'Lydia Pricilia Sutanto', 's160219004@student.ubaya.ac.id', '', '', '$2a$04$yF0eeXtO7XaYA77HGJBsM.WQZimLQHIZQbJE5J/jAyimKo/cMnuri', '', 'panitia', 'BPH', 0, 0, '', '', 0, ''),
(160219021, 'David', 's160219021@student.ubaya.ac.id', '', '', '$2y$10$WvaGMO8jTXO25vuoG7N55e0GFhJpic6cABQZ6ryyJpjxOYkswhYbi', '', 'panitia', 'MAPING', 2, 2, '', '', 1, ''),
(160220003, 'Laura Lingguina Sugianto', 's160220003@student.ubaya.ac.id', '', '', '$2y$10$8/t0FlQKjewvUMq62I/E.ucYnvddJgA3/4Z3GSk4i55EC0o7rbMKC', '', 'panitia', 'SFD', 0, 0, '', '', 1, ''),
(160220005, 'Yehezkiel Warren Wijaya', 's160220005@student.ubaya.ac.id', '', '', '$2a$04$yF0eeXtO7XaYA77HGJBsM.WQZimLQHIZQbJE5J/jAyimKo/cMnuri', '', 'panitia', 'MAPING', 25, 25, '', '', 0, ''),
(160220008, 'Hansdersen Hermes Irawan', 's160220008@student.ubaya.ac.id', '', '', '$2y$10$in8yKINylkkg4JjMw5TJrOeR0VjToMMkHoeyDIwz2D7v5OPnjzpnm', '', 'panitia', 'MAPING', 3, 3, '', '', 1, ''),
(160220054, 'Austin Kristandi', 's160220054@student.ubaya.ac.id', '', '', '$2y$10$3fbkTrW0Dd3SCvyRTJtfWu5P/5zKoMkPH.mOvle7e0kn2vZBRPn/.', '', 'panitia', 'SFD', 0, 0, '', '', 1, ''),
(160221002, 'Evelyn Wangsadharma', 's160221002@student.ubaya.ac.id', '', '', '$2y$10$L3/e1jRcG3kXG6lhdA7OkeN11s7KC4DxmKJvgBCbPDrZbzFddedm.', '', 'panitia', 'SFD', 0, 0, '', '', 1, ''),
(160221006, 'Daniel Jalesveva Caesar', 's160221006@student.ubaya.ac.d', '', '', '$2y$10$iNTaxthg.nQp.nICrpoOouO.AfsrTFWgT/5TWpt8CtWrp0ntqUQtu', '', 'panitia', 'SFD', 0, 0, '', '', 1, ''),
(160221026, 'Jericho Stevanno Budianto', 's160221026@student.ubaya.ac.id', '', '', '$2a$04$yF0eeXtO7XaYA77HGJBsM.WQZimLQHIZQbJE5J/jAyimKo/cMnuri', '', 'panitia', 'SFD', 0, 0, '', '', 0, ''),
(160221033, 'Matthew Marcelino Indrawanto', '', '', '', '$2y$10$wE0dnCSl3MZ3h9Xh0s04YOEZ6XZXRGiQToZGzJ1Lk1l1Gz77xsJ9e', '', 'panitia', 'SFD', 0, 0, '', '', 1, ''),
(160221042, 'Wisnu Wardana', '', '', '', '$2y$10$Nr2069Qs80DildO0YPJaQezxdcvLAwlLLiKAJDwAwD/C5UwPyr8Eu', '', 'maharu', '', 15, 3, '', '', 1, ''),
(160221044, 'Tan Kristiana Novita Subijanto', '', '', '', '$2y$10$OrDxU9GXEHNSIA452aRkkuCnhVkPecDsbCcuqaUukgmLpKLx87Goq', '', 'maharu', '', 21, 2, '', '', 1, ''),
(160222002, 'Levano Hendy', '', '', '', '$2y$10$iQh1ApDb/gysCbDJV1XgZu8BO.F/LBnZakWtO3F.jP2ConqY/7tPG', '', 'maharu', '', 14, 3, '', '', 1, ''),
(160222004, 'Edward Marcelino', '', '', '', '$2y$10$RQrbbUhAvOZO/618//TUheL2UWLRAFk0o7zcHepXBtUYa/xrH2/UO', '', 'maharu', '', 2, 25, '', '', 0, ''),
(160222006, 'Elizabeth Putri Tjumoko Tjokro', '', '', '', '$2y$10$3mysPEX5APewiszQ5obqc.auyg4yyooWIzfjWGP54I5w7MV9PvLgS', '', 'maharu', '', 18, 3, '', '', 1, ''),
(160222007, 'Nikolas Pradipta Wardana', '', '', '', '$2y$10$FvXnXS8wUwFY4Y09BI4Li.gnuO9IOpc.qD.GBzhInspM9CveZaUH2', '', 'maharu', '', 7, 2, '', '', 0, ''),
(160222009, 'Anastasia Devina', '', '', '', '$2y$10$pIXxhESJ99cMtVBetHPtNuAbYGXlcPh.rER9JXXCK3aHH9DIq8YOi', '', 'maharu', '', 10, 25, '', '', 0, ''),
(160222011, 'Ariel Sugiono', '', '', '', '$2y$10$OmOywdutdXWSdr9tNdVkOuISEF6nJj96yq.2dOymwiZPOuIPXnwUG', '', 'maharu', '', 16, 3, '', '', 0, ''),
(160222013, 'Gabriel Sheyrtian Ananda Todingbua', '', '', '', '$2y$10$kIsMnMzE0asipVzt7IDr7.7N.N7S9iCDbRy.8Vo6WG13ZV5d0YmPq', '', 'maharu', '', 22, 2, '', '', 1, ''),
(160222014, 'Jessica', '', '', '', '$2y$10$xXt6CMvY5q6J4hNNIVZHseJPJSWjquIdb65dJfGJt9jkto93dSV9m', '', 'maharu', '', 13, 25, '', '', 0, ''),
(160222015, 'Michael Ronald Gunawan', '', '', '', '$2y$10$psqJYNRHUII4XGpgqTMFguVG4kIDRZUUUMWyTiN9kOWfJTCCLoj0a', '', 'maharu', '', 11, 3, '', '', 1, ''),
(160222016, 'Trenadi Pramudia', '', '', '', '$2y$10$t2.C3tCfp41se2o7ofKk/.hEhYjjV5KhMHl/ykvenR0wN6xScfG5e', '', 'maharu', '', 20, 2, '', '', 1, ''),
(160222017, 'Threvy Satriya Martzel Erang', '', '', '', '$2y$10$tMHChMB0VryY3gt1Jcnb7.fXVL6GDKpgkiO7thfRKXPww4yE4z9OK', '', 'maharu', '', 3, 25, '', '', 0, ''),
(160222018, 'Jason Vincent Elsurya', '', '', '', '$2y$10$1NAYDR5mfOD4c01Soh.REeYBpREfP7RZmXUVbsf35xe9ZfCuaGKpi', '', 'maharu', '', 5, 2, '', '', 1, ''),
(160222019, 'Valerie Giannetta', '', '', '', '$2y$10$CDkvrefgn27hOmRShGw7x.oTFBUcvJ8N4/Ceuka3DsvkTaEeJZAuW', '', 'maharu', '', 25, 3, '', '', 1, ''),
(160222020, 'Laurensia Kayla Ofira', '', '', '', '$2y$10$4ygsgJsaFKMtAm7Po/DRk.hqQ1arb1vUy2GUaf2j2QeOZ2YjrxE3u', '', 'maharu', '', 17, 25, '', '', 1, ''),
(160222021, 'Diniati Kalara Mamintada', '', '', '', '$2y$10$M5/Hvvh/Bg9oEtR6aF8bt.ovRBmMg0Xz/dGnKzi16wnmrOXKpkOXm', '', 'maharu', '', 1, 2, '', '', 0, ''),
(160222022, 'Christofer Febrian Margen', '', '', '', '$2y$10$EnyxedBOypk885nr8rKIXu7tOX1y.01KpH25u5vXiE137x7kRavaS', '', 'maharu', '', 24, 25, '', '', 0, ''),
(160222025, 'Farrel Neutrino Mohammad', '', '', '', '$2y$10$e73fP87IpNNrNCdRBOmBHOw0V.MU0cQuWkMBQwcWw6eMbbgNFsl9m', '', 'maharu', '', 12, 25, '', '', 0, ''),
(160222026, 'Bagas Habib Wardana', '', '', '', '$2y$10$Xac3aSD3kont1UiA9Q9re.C/p2ymIwSQRzJW9vHYIh4q5GpjmC22.', '', 'maharu', '', 8, 2, '', '', 0, ''),
(160319006, 'Felicia Angelique Angkawijaya', 's160319006@student.ubaya.ac.id', '', '', '$2y$10$ltJDOYvMNxmvgvZLJhDBYuzD.E1ifcMTNOTUzgJLHTWv.V/vuP1au', '', 'panitia', 'MAPING', 4, 4, '', '', 1, ''),
(160319007, 'Lydia Setiawan', 's160319007@student.ubaya.ac.id', '', '', '$2y$10$XOUPeicmrQO.FyZQm1y3zO/nnFcdx3bOR6fe1iKuZNHoCuhU8RZ/6', '', 'panitia', 'MAPING', 5, 5, '', '', 1, ''),
(160319009, 'Michael Vincentius', 's160319009@student.ubaya.ac.id', '', '', '$2y$10$z0CvYoBvKM134HAEnGojkOYwaiP1GvdLqXOsEjYm8HbKRi0e/Bjrq', '', 'panitia', 'MAPING', 6, 6, '', '', 1, ''),
(160319016, 'Nadia Angelina Putri Pangestu', 's160319016@student.ubaya.ac.id', '', '', '$2y$10$GKEUERALDGIthbSafV4n/OCTp1JJG8QP6VAclkZ7JT/5MW2gM8.jq', '', 'panitia', 'MAPING', 7, 7, '', '', 1, ''),
(160319027, 'Clifton Suharjono', 's160319027@student.ubaya.ac.id', '', '', '$2y$10$Q79yWBPDWu17tVbSdsO0Ge7gHN2N6vBk84jopzUu5Mt.0BuNmxRxO', '', 'panitia', 'MAPING', 8, 8, '', '', 1, ''),
(160319057, 'Achmad Fauzi Bagus Saputro', 's160319057@student.ubaya.ac.id', '', '', '$2a$04$yF0eeXtO7XaYA77HGJBsM.WQZimLQHIZQbJE5J/jAyimKo/cMnuri', '', 'panitia', 'BPH', 0, 0, '', '', 0, ''),
(160319071, 'Novi Nur Sakinah', 's160319071@student.ubaya.ac.id', '', '', '$2a$04$yF0eeXtO7XaYA77HGJBsM.WQZimLQHIZQbJE5J/jAyimKo/cMnuri', '', 'panitia', 'MAPING', 9, 9, '', '', 0, ''),
(160319140, 'Annisa Isladina Wahyudi', 's160319140@student.ubaya.ac.id', '', '', '$2y$10$cvL8AhAV5/aZCRCIFQNBqOieHXsniv/PusDGRy1x5Lmgbu5FPxQB2', '', 'panitia', 'MAPING', 10, 10, '', '', 1, ''),
(160320008, 'Michael Angelo', 's160320008@student.ubaya.ac.id', '', '', '$2y$10$ZSL8XS2rrJQYtfABX7SxV.9oKa8Aav8OgQgIhdybLS0ANfBK4DG7q', '', 'panitia', 'MAPING', 11, 11, '', '', 1, ''),
(160320011, 'Hanny Wijaya', 's160320011@student.ubaya.ac.id', '', '', '$2y$10$0ce7Sep95SyfMGU194ilSuxfLmKyyP744r5/SaLimlGZpuHkGdG/y', '', 'panitia', 'SFD', 0, 0, '', '', 1, ''),
(160320018, 'Daniel Febrian Tanuwijaya', '', '', '', '$2a$04$yF0eeXtO7XaYA77HGJBsM.WQZimLQHIZQbJE5J/jAyimKo/cMnuri', '', 'panitia', 'BPH', 0, 0, '', '', 0, ''),
(160320019, 'Nunung Mardhita Refiga Putri', 's160320019@student.ubaya.ac.id', '', '', '$2y$10$ThUx.e1pgCKLBtbP8r0Bb.p8xTXFPi06nQp8nh7.ydhspZYW.77y2', '', 'panitia', 'BPH', 0, 0, '', '', 1, ''),
(160320038, 'Eunike Putri Permatasari', 's160320038@student.ubaya.ac.id', '', '', '$2a$04$yF0eeXtO7XaYA77HGJBsM.WQZimLQHIZQbJE5J/jAyimKo/cMnuri', '', 'panitia', 'BPH', 0, 0, '', '', 0, ''),
(160320073, 'Gedalya Angel Putri Senong', 's160320073@student.ubaya.ac.id', '', '', '$2a$04$yF0eeXtO7XaYA77HGJBsM.WQZimLQHIZQbJE5J/jAyimKo/cMnuri', '', 'panitia', 'SFD', 0, 0, '', '', 0, ''),
(160321008, 'Jessica Yolanda', 's160321008@student.ubaya.ac.id', '', '', '$2y$10$hdQJfTa/.j0PK5OBN/honO/ZIKJXVE7gmd.rQfSYLbP6y2EpL7abS', '', 'panitia', 'SFD', 0, 0, '', '', 1, ''),
(160321075, 'Aditya Saputra', '', '', '', '$2y$10$4AQJAeaG0sSLVp8Cb5PrzO.AElCQ0bHVT/Ee0PlLKpDHJyzg68g9e', '', 'maharu', '', 13, 10, '', '', 0, ''),
(160321076, 'Michael Epidonta Ginting', '', '', '', '$2y$10$O3iTvS3nfyM48j4ueJodUuXtoXZOot/H3wyCae5KStJfmceO2muva', '', 'maharu', '', 4, 11, '', '', 0, ''),
(160322001, 'Ken', '', '', '', '$2y$10$HhiFkxkAqI2RTrXjQswQL.sY5JdPmqsMgjJ4sx2WLwJu/jQWbY0KO', '', 'maharu', '', 3, 6, '', '', 1, ''),
(160322002, 'Siggy Setya Kusuma', '', '', '', '$2y$10$DD9aUOG54budH3YXLUFyK.ZSxn9yx8DQu7HqMKEH3aUUPQl8DTquW', '', 'maharu', '', 1, 8, '', '', 1, ''),
(160322003, 'Verlita Victoria Hermanto', '', '', '', '$2y$10$YmieYBwClbG33v9d9I77jeBbOBCUvjy3P/Mm6t19Dxd96qFAqyVqy', '', 'maharu', '', 12, 4, '', '', 0, ''),
(160322005, 'Nathasia Charitas Putri Pangestu', '', '', '', '$2y$10$sNbeMWIgmxAladdPSiNfQufCYwprZt2nER7KhMkUdSVtY3ZgWu9VC', '', 'maharu', '', 2, 11, '', '', 1, ''),
(160322006, 'Timothy Alfason Karnisa', '', '', '', '$2y$10$MrQXasHonA7cfX0kbf0f7OFHVy4mpYdVf2gxSiioAN5KbpFrtUUim', '', 'maharu', '', 8, 7, '', '', 1, ''),
(160322007, 'Patrick Anderson Wijaya', '', '', '', '$2y$10$6I3sHTt7dbEAr.5cNSLv6ezbyHyLq9iGfUyN4pi6t8mXpj567iDMG', '', 'maharu', '', 2, 9, '', '', 1, ''),
(160322008, 'Stefanie Mareta Angeline', '', '', '', '$2y$10$BHSUwQlS2t57s848yASpG.BTwSLRygUgKXqzrQOcc0kLFdqVlCSe2', '', 'maharu', '', 13, 5, '', '', 0, ''),
(160322009, 'Bayu Haekal Suryadi', '', '', '', '$2y$10$Qp8M3exHfzW/lhrfp7Qdw.GukzXI7WXA1SG3DC3vSYD1X/PZOohsG', '', 'maharu', '', 6, 4, '', '', 0, ''),
(160322010, 'Viviana Cristanty', '', '', '', '$2y$10$D./h6S4VuhlWWHw6UuRKtuvgkNC0/g1Nc4Zk4vgk8JxRiMLn8.yJC', '', 'maharu', '', 10, 6, '', '', 1, ''),
(160322011, 'Decky Hausiyah', 'deckyhausyiah1530@gmail.com', 'decky.15', '081258880778', '$2y$10$/Ixj2zN7bNbm21Y0IeQAtu1YH8cf6bH7TBytn0bsT1EW3kWKTipou', '', 'maharu', '', 1, 10, 'decky_hausiyah', 'SMAN 1 BALIKPAPAN', 1, ''),
(160322012, 'Kornelius Rusman', '', '', '', '$2y$10$3NgJpPnkk8H4Ij9qz/ZCe.iwFTEFH46kAvjWmucZQEpAaNNwr3qb6', '', 'maharu', '', 7, 5, '', '', 1, ''),
(160322014, 'David Serafino', '', '', '', '$2y$10$c.SEAqFYyqyZUos0kEyTjOiHcXwbbR2Nbvo0cidKlcp8VuFQLufgO', '', 'maharu', '', 5, 8, '', '', 0, ''),
(160322015, 'Nicklaus Andersen Wahyudi', '', '', '', '$2y$10$yx2TsgVbmm9b8/KmEO.60uKF/4l9bPidO456P.71w4U.wGgFlfQLC', '', 'maharu', '', 2, 9, '', '', 0, ''),
(160322016, 'Laurentius Reynard Soetanto', '', '', '', '$2y$10$RR99GRu66DXNWuSxjNJgA.gGqbPPqC04AcR8XaT909aF0VkpCJsX6', '', 'maharu', '', 10, 6, '', '', 1, ''),
(160322017, 'Yoanna Travellina Noviputri', '', '', '', '$2y$10$yKcZdnJPJlxZVOKHzAW./ON9uxgaMXNFRuyHiVnC7SraqwYiX4k2W', '', 'maharu', '', 1, 7, '', '', 0, ''),
(160322018, 'Archangela Karolin', '', '', '', '$2y$10$PCrxfn6Y8/G8VeJWBc0RdORVVz2TK0p5bhE8pT9d1.NOy1cPFQ6vW', '', 'maharu', '', 14, 8, '', '', 1, ''),
(160322020, 'Tarya Irenna Utama', '', '', '', '$2y$10$K28PPMm0Y7b/6xgY0FZK9uFuGHj8LcTQlLu56.X/pIpGGaPbN1nj6', '', 'maharu', '', 5, 9, '', '', 1, ''),
(160322021, 'Brenda Noviarista Budiasih', '', '', '', '$2y$10$SF8x30iAoTIAOyzbqzAIY.n3OH5sgMkJsrhMvfdubmrbQjyZGgAa2', '', 'maharu', '', 16, 10, '', '', 0, ''),
(160322023, 'Helena Veronica Oetomo', '', '', '', '$2y$10$XzEn00rtMQcYkBUPHAKuc.oInTf./PR0Hzb0oeuzsHohe7y5Ko4.K', '', 'maharu', '', 25, 4, '', '', 1, ''),
(160322024, 'Michael', '', '', '', '$2y$10$NeFQ0.zn2sMc4Z3qgMuEx.kjLffWALNMr6KIOSB7GM/x5Njo9eERS', '', 'maharu', '', 12, 6, '', '', 0, ''),
(160322025, 'Michael Mcfadden', '', '', '', '$2y$10$BkAuTaVXvTUDEck6maWHnupLdeQV15UZk9lSiRFQUkmDSHbHJbwtu', '', 'maharu', '', 4, 8, '', '', 1, ''),
(160322027, 'Evelyn Tongajaya', '', '', '', '$2y$10$i3dyjZL2k7s0e9SkjETgBe4kTe8ZTdr5JrM8tiKw15Z4ULofVbjZC', '', 'maharu', '', 22, 5, '', '', 0, ''),
(160322029, 'Eileen Aurellia Evelyn', '', '', '', '$2y$10$jeuMIZAjMVXIYDJu34zGvOeI/iDW8tBsMwzZzBtshH6WHgZtG1gQS', '', 'maharu', '', 4, 6, '', '', 1, ''),
(160322031, 'Natanael Christanto', '', '', '', '$2y$10$z0N97zpY184PDLLbrVs0peVTo5JHmwfN7vphfye5Uim.DIEezOKYO', '', 'maharu', '', 5, 4, '', '', 0, ''),
(160322033, 'Nabilla Ulay Prabadani', '', '', '', '$2y$10$nm4pNWZxQ96XxWu6epuhjeUFLwt.WrgooUhDycv4f4/E6rOVVAGaK', '', 'maharu', '', 24, 7, '', '', 0, ''),
(160322034, 'Anjelika Ayu Febriana', '', '', '', '$2y$10$XoIKGB6rXdfGz/ejpxJreuR4WH4Xadqd851KHdKVauFWp6ztw8fcm', '', 'maharu', '', 20, 8, '', '', 1, ''),
(160322035, 'Charlotie Arliza Chelonia Frans', '', '', '', '$2y$10$WtUFEJP3zApp31Y6pTcmg.yClU46NODUJl2DFbuzNXZSJ2lDyQsdC', '', 'maharu', '', 6, 9, '', '', 0, ''),
(160322036, 'Satryo Akbar Nurizki', '', '', '', '$2y$10$jjSfTXNdxRZZ0vGcTIn7eu9ONcQlfVjsDn5p4xfLmVYweDTwFepDi', '', 'maharu', '', 7, 11, '', '', 0, ''),
(160322038, 'Mochammad Fikri Hanan', '', '', '', '$2y$10$A2p9BkdpxBKGPMI3x5WJR.BGx3DtAYx0pPIsrnwYQrA46u4P300S.', '', 'maharu', '', 6, 7, '', '', 0, ''),
(160322040, 'Nelly Euro Furtado', '', '', '', '$2y$10$rK02Sa7iVScdW1L.q5Jfu.B5kqYZX2QcpluUuExNIXiJeeWQIRUBy', '', 'maharu', '', 18, 10, '', '', 0, ''),
(160322042, 'Ellodea Denza Arabella Bellmann', '', '', '', '$2y$10$Wi3mrPPobKnCkIDRAaozN.1Iu.db7qvilYxPEHbiOW/FpmWyD.i1G', '', 'maharu', '', 8, 4, '', '', 0, ''),
(160322043, 'Rafi Ahmad Ramadhan', '', '', '', '$2y$10$OEz0.5UXmkK8TrS.i7cCIOhbi/zl1yUsFzW2SHqHOhis.VgfR.BbW', '', 'maharu', '', 9, 8, '', '', 0, ''),
(160322044, 'David Simeon Tanuwijaya', '', '', '', '$2y$10$UYGsjQmy11UNEe3fST12peHhwnySq3R4UFhgPwmH3.Y7ybjN/59Dy', '', 'maharu', '', 14, 11, '', '', 0, ''),
(160322045, 'Yongky Natanael Sugianto', '', '', '', '$2y$10$FVc9DaeXorwxLZ3XLIZcW.Fm9fOudGNvPfspSKZm6hCU9oyoP3KUG', '', 'maharu', '', 11, 5, '', '', 1, ''),
(160322046, 'Hanif Hilmy Bahasuan', '', '', '', '$2y$10$iiYXrMsyeGrlEze/S27s.uI1Ym79sQXPaWtXUa7ztqaHXEmpzA7JW', '', 'maharu', '', 15, 9, '', '', 1, ''),
(160322047, 'Muhammad Thufail Alhamadhani', '', '', '', '$2y$10$irH3h/OOpI0uYUY2xRbyDurAj8Xan.5f.3kVAdDcQedBvCg03GXDa', '', 'maharu', '', 19, 6, '', '', 0, ''),
(160322048, 'Rafael Julian Sugiarto', '', '', '', '$2y$10$SY/TzXCXIuzxAnL9jZb6weDw6lPhE6AMv2QQA1fCQLTrXo4Pv.NRS', '', 'maharu', '', 16, 10, '', '', 0, ''),
(160322049, 'Galih Lokantara', '', '', '', '$2y$10$ho.chaThh.Xw0dhjczrRSOM8vWd3rXA64tVc8tUE6musbZblI/bzK', '', 'maharu', '', 11, 8, '', '', 0, ''),
(160322050, 'Ahmad Gilang Setyo Putro', '', '', '', '$2y$10$0XEEl7gtfnjSj6QfrY7eeOgRf30aHLtjB2A8f0nU6P/yfRk5LpvRW', '', 'maharu', '', 17, 7, '', '', 1, ''),
(160322051, 'Muhammad Naufal Fayyadh', 'naufalf2424@gmail.com', 'nfl1241', '08124243309', '$2y$10$RZBTex1hefMs20VsY7WsMeHJp4xxpRGwj0ImvDOXBYT4zL7BcAqf2', '', 'maharu', '', 18, 4, 'naufaln.87', 'SMAIT AL-BIRUNI', 1, ''),
(160322052, 'Alvin Batubara', '', '', '', '$2y$10$/YnBpkAClqZUeFu1emcTk.js8Ej4Hs4wE6Y4yey1Esj.O1h4xjmAq', '', 'maharu', '', 9, 5, '', '', 1, ''),
(160322053, 'Jefri Isak Rante', '', '', '', '$2y$10$.yLbP9Yb6SzSUHI4Yv/rueqjJoKnIlSxVEsgWe3YQkv41By9d12wa', '', 'maharu', '', 20, 9, '', '', 0, ''),
(160322054, 'Kelsi Eriyani', '', '', '', '$2y$10$AcleDWQPJblVqpUEj4ONm.sZnLn7Qu0O9UMoYjIjxAMi1dOdaoVne', '', 'maharu', '', 3, 11, '', '', 1, ''),
(160322055, 'Muhammad Rafi Ananta', '', '', '', '$2y$10$qoaVhUxiRYvf26gTgt8ac.bztNcUnxzDFob1DzjIZP1Iu9wvKrA0K', '', 'maharu', '', 15, 8, '', '', 0, ''),
(160322056, 'Jonathan Wicaksono Nugroho', '', '', '', '$2y$10$i8HJ6oZAlTAHTF1LAua3aOFWJDQfklOGwf60cXm3tnSuFDZsSEXdy', '', 'maharu', '', 13, 7, '', '', 0, ''),
(160322057, 'Kadek Prameswara Dewi', '', '', '', '$2y$10$oZ935CXC0k0mNF3GvK7G2.pqlFunEGonTmQeacC07cG2FhP84aesK', '', 'maharu', '', 9, 4, '', '', 0, ''),
(160322058, 'Leonard Gavin Angkur Putra', '', '', '', '$2y$10$QuJC1rvLjAlA0JUW6H6AOuwoTWKiRM/ETOvpFM2phC.muNg9Q6m.O', '', 'maharu', '', 22, 9, '', '', 0, ''),
(160322059, 'Stevanus Wibisono Renwarin', '', '', '', '$2y$10$3q7RjmcGk7y84XdXa1ESHuduTIclQRIoGRfg0WV3EcyLZ7M4VOHaC', '', 'maharu', '', 21, 10, '', '', 0, ''),
(160322060, 'Salsabila Eka Rochmawati', '', '', '', '$2y$10$vLrsQo0Aq8EQP8JmSwed9Obl2hFaRsiQffdnl91i69uShRS4H8QgO', '', 'maharu', '', 17, 5, '', '', 1, ''),
(160322061, 'Patrik Yosevin Putra Prasodjo', '', '', '', '$2y$10$MQogBTJOzZtwv4Dz8M7fq.ofbdS4TYYImyQqhXGdxktmDaIw5z8uy', '', 'maharu', '', 19, 11, '', '', 0, ''),
(160322062, 'Gita Amelia Cuandi', '', '', '', '$2y$10$Fmr2XPIoA3TJZbaCg1dTGuUw52JPKGjGmO2qA3sVInNpCxkwpouza', '', 'maharu', '', 17, 6, '', '', 0, ''),
(160322063, 'Muhammad Andika', '', '', '', '$2y$10$TTCPQJMjQGFQkRKDn4.OUOIIiUGnY4nY1SzD8DFsLPbueoTb7vbk2', '', 'maharu', '', 24, 10, '', '', 0, ''),
(160322065, 'Mohammad Yusril Riziq', '', '', '', '$2y$10$3VPRtI7AFC3ApEOLmvJrq.sFBJia7/OGtUDXbSbLSYFX2kuEqMbBy', '', 'maharu', '', 18, 11, '', '', 1, ''),
(160322067, 'Chindi Fatika Sari', '', '', '', '$2y$10$9eauE6z3GmLT6Y3SrXiCdO4ddIs5poX7NjJWT2JRj4HLfJ.3Wggr6', '', 'maharu', '', 21, 7, '', '', 1, ''),
(160322068, 'Bella Nurafni Maulidina', '', '', '', '$2y$10$XUTy0SEEwKyrSENI3bVnc.R1TN6JXG1V1.FWgkqxAs1HAnlZvplvq', '', 'maharu', '', 23, 8, '', '', 1, ''),
(160322069, 'Rochel Aqilah Shafa Kheisya Korua', '', '', '', '$2y$10$m/XFkDHh6g37jdri8crynO5/TpZistzxsSp2qfZB2nDxD2qX/7zw2', '', 'maharu', '', 8, 9, '', '', 1, ''),
(160322070, 'Achmad Farel Ardiansyah', '', '', '', '$2y$10$m/an9r5v/qLYXcXd2rmnNeBakUaqc5RjWfjDZP0sJ8daLgmsbEV.O', '', 'maharu', '', 21, 5, '', '', 1, ''),
(160322071, 'Christine Angelina Anantha Putri', '', '', '', '$2y$10$Jtv2YFRlhpWXgCo0pnB8zOXaFl.DMXT17dcpk.yVYqJB8JnSRYSaK', '', 'maharu', '', 19, 10, '', '', 0, ''),
(160322072, 'Zefanya Chandra Irawan', '', '', '', '$2y$10$9h/ai.IM9AX4O7JdOl3k3eQSDeywdlmDZdvk0r4WugyJP7T2B9pWS', '', 'maharu', '', 25, 4, '', '', 1, ''),
(160322073, 'Khansa Evannaufal Raissa Pradana', '', '', '', '$2y$10$ytTL20z52o3Vc4XAt4VC4e7ZQIK1qcqAtaU2J/aHfg/Ne0qMSm0VK', '', 'maharu', '', 20, 6, '', '', 1, ''),
(160322074, 'Timothy Kristian Ginting', '', '', '', '$2y$10$.3925n2EktHPy4P6RqBv3OHX9ZYx/p06lVC5IbVryli646hdeuAAO', '', 'maharu', '', 22, 9, '', '', 0, ''),
(160322075, 'Mutiara Jasmine Arvinanda', '', '', '', '$2y$10$h0w.DeY.2KMHPKE0vatrkexQkCGDbkan2wrOEro10pMHNG3LoOUWK', '', 'maharu', '', 7, 11, '', '', 0, ''),
(160322076, 'Aldo Fernando', '', '', '', '$2y$10$bYr.70hxA2GLA1VRMDvoHu77fZy164MLgyyznY5ZFnurg0HZIzT8m', '', 'maharu', '', 24, 7, '', '', 0, ''),
(160322077, 'Callista Jaya Aurellia', '', '', '', '$2y$10$QPFX9GpR41r7hJ39yNoXIOFlDUfpM1qZfvlZvc.E6hqrhxZiOp8ki', '', 'maharu', '', 15, 4, '', '', 0, ''),
(160322078, 'Arnetta Aiswirya', '', '', '', '$2y$10$UlXIU6Vcqlp6sHqsIRSsgu5pxKrHL43S75GnkAdKqLDo4EJQl9RIC', '', 'maharu', '', 11, 10, '', '', 1, ''),
(160322079, 'Elsson Joel Xavier Wollah', '', '', '', '$2y$10$xIsxaNXCB8DRRtFfULODBetzGQoobjzzGIK0CAolUs2pOJhSoS6pG', '', 'maharu', '', 23, 5, '', '', 0, ''),
(160322080, 'Azein Wildan', '', '', '', '$2y$10$NST9bqxwQaQJfq82nwXtwOpFkYUfQcfl1WpTffCurEmr/nY2H4W/O', '', 'maharu', '', 25, 6, '', '', 0, ''),
(160322081, 'Feliciana Limsjah', '', '', '', '$2y$10$./VrAZuFf3KNSgURUc5C6eyE.tb0P5.xHORv3snSehfJBrSc3u4u6', '', 'maharu', '', 23, 3, '', '', 1, ''),
(160322082, 'Pujiana Kumalasari', '', '', '', '$2y$10$wHQ0WKp/7DB.5pjlro01UeZJUKLoJGOzQZfJD42oMe/7Yl7Vywogu', '', 'maharu', '', 3, 11, '', '', 0, ''),
(160419003, 'Hendri Antonius', 's160419003@student.ubaya.ac.id', '', '', '$2y$10$B.wPpfcT6g2WUsJjAcLzWus/EIJe/tT.yesKaQtrzspcc0iex/2AO', '', 'panitia', 'MAPING', 12, 12, '', '', 1, ''),
(160419015, 'Bryan Immanuel', 's160419015@student.ubaya.ac.id', '', '', '$2y$10$UoQVRYT6W7ibn.Um9h6W/.6ml9HyEJ1PJfkkxJr.6r4HfoOkuDH6e', '', 'panitia', 'MAPING', 13, 13, '', '', 1, ''),
(160419033, 'Joshua Albertus', 's160419033@student.ubaya.ac.id', '', '', '$2y$10$QGYNEPwEwBGFVnaSOb39iO91IOux4mRGrA.U3OT.hzozDe6i8jKJi', '', 'panitia', 'MAPING', 14, 14, '', '', 1, ''),
(160419038, 'Yosua Wijaya', 's160419038@student.ubaya.ac.id', '', '', '$2y$10$qCnvlUO.rZWafq/LiToHMe8dokKwCzyWjxZewid6o2KEshddRC6L2', '', 'panitia', 'MAPING', 15, 15, '', '', 1, ''),
(160419045, 'Made Yoga Brahmantara', 's160419045@student.ubaya.ac.id', '', '', '$2y$10$leKAwvR9Jq4hsTeyh6zWgeRsVn8MsEt8QJPSJxAex4CcS2...MbOC', '', 'panitia', 'ITD', 0, 0, '', '', 1, ''),
(160419076, 'Ricky Andrean Fernanda Gunawan', 's160419076@student.ubaya.ac.id', '', '', '$2y$10$P1dMOkHZIwp3ogoPl.cu9OP4B.EB2aW5yoEOohPOsUXWCDVo1bRwW', '', 'panitia', 'ITD', 0, 0, '', '', 1, ''),
(160420004, 'Marcella Audi Susanto', 's160420004@student.ubaya.ac.id', '', '', '$2y$10$gtW5nJeRQVeHxqu/EdawtOXcO8f8KdiKQEDaA9KQH4LR8Q/NlIIoC', '', 'panitia', 'ITD', 0, 0, '', '', 1, ''),
(160420013, 'Alvin Fernando Susanto', 's160420013@student.ubaya.ac.id', '', '', '$2y$10$RT0HLMeNAM5ZfbZS/iKxyu9lMgObbj.LZAzATx8GjKKlvG5CoPDta', '', 'panitia', 'ITD', 0, 0, '', '', 1, ''),
(160420023, 'Jonatan Ryan Darmawan', 's160420023@student.ubaya.ac.id', '', '', '$2y$10$3dxSLuF98EG1ncOI.LWp9eOC4b5n90ehUnZLpqbrMw6AaTK/ds/uq', '', 'panitia', 'ITD', 0, 0, '', '', 1, ''),
(160420024, 'Christian Yaska', 's160420024@student.ubaya.ac.id', '', '', '$2a$04$yF0eeXtO7XaYA77HGJBsM.WQZimLQHIZQbJE5J/jAyimKo/cMnuri', '', 'panitia', 'MAPING', 16, 16, '', '', 0, ''),
(160420041, 'Rony Hartono Irawan', 's160420041@student.ubaya.ac.id', '', '', '$2y$10$bfjqA6Pxlm5IeO915QRXu.f8KAy0zmI5C8y5g2YRvo/sooC5vQ4S.', '', 'panitia', 'ITD', 0, 0, '', '', 1, ''),
(160420046, 'Theofilus Arifin', 's160420046@student.ubaya.ac.id', '', '', '$2y$10$FIS7X4M/KU48skBJNUbG0eisWbqL6lpodqoqgB360wqZolaXB1qK6', '', 'panitia', 'BPH', 0, 0, '', '', 1, ''),
(160420072, 'Ronald Sugiharto', 's160420072@student.ubaya.ac.id', '', '', '$2a$04$yF0eeXtO7XaYA77HGJBsM.WQZimLQHIZQbJE5J/jAyimKo/cMnuri', '', 'panitia', 'MAPING', 17, 17, '', '', 0, ''),
(160420073, 'Jonathan Adrian Chandra', 's160420073@student.ubaya.ac.id', '', '', '$2a$04$yF0eeXtO7XaYA77HGJBsM.WQZimLQHIZQbJE5J/jAyimKo/cMnuri', '', 'panitia', 'MAPING', 18, 18, '', '', 0, ''),
(160420082, 'Henri Jayanata Kusuma', 's160420082@student.ubaya.ac.id', '', '', '$2y$10$0GiK6zhUyxTTk1tSkuSCLOHdsibOK9Nyjy5cwgIipmF2buNd2rZN.', '', 'panitia', 'ITD', 0, 0, '', '', 1, ''),
(160420108, 'Hans Wirjawan', 's160420108@student.ubaya.ac.id', '', '', '$2y$10$xbrPPtj6ryAKotrhXQoUKOX23TB38xWIrm/ahhWJCosdl/arHFMF2', '', 'panitia', 'ITD', 0, 0, '', '', 1, ''),
(160420132, 'Afito Dianova Meyvada', '', '', '', '$2y$10$PVIdL5/2QFn3GPWedqD8sux0WdnCESDClWfnZdhMrlNrcg12Vmqfq', '', 'maharu', '', 17, 12, '', '', 0, ''),
(160420139, 'Moch. Rafli Rajendra Pratama Wahab', 's160420139@student.ubaya.ac.id', '', '', '$2y$10$BUJSF.ATWY8uclPKbxONCu4fjjd2A24Wkj8uPj7SAIimPZDzpzqQe', '', 'panitia', 'SFD', 0, 0, '', '', 1, ''),
(160421001, 'Ignatius Steven Christopher Budiono', 's160421001@student.ubaya.ac.id', '', '', '$2y$10$7zGhfqKY1t2o0a9MLCIVr.eaVqpeYq8Xs2JA.L6LnCQQOZNbiSt9C', '', 'panitia', 'AD', 0, 0, '', '', 1, ''),
(160421098, 'Antony Kariono', 's160421098@student.ubaya.ac.id', '', '', '$2y$10$MszqV1IrE/8cE01zpY6uguLJ8YdN3JZ/J9c2joHzDmsG7bHQe5aWu', '', 'panitia', 'AD', 0, 0, '', '', 1, ''),
(160421148, 'Brithney Elizabeth Tania', '', '', '', '$2a$04$MWGLhEHPPBEWMeQC28wWDOW.BaHjProT5xofyQlnQWFqrdZ86oWCW', '', 'maharu', '', 24, 5, '', '', 0, 'https://static.thenounproject.com/png/363640-200.png'),
(160421149, 'Latansa Tahsya Qonitat', '', '', '', '$2y$10$Zl5TYpdmT.GIoUU75G/YY.6upgH/DutWSOKLis0TzjSBSo2RLaneO', '', 'maharu', '', 25, 12, '', '', 1, ''),
(160422001, 'Filia Marlia Tanumiharja', '', '', '', '$2y$10$7OTej9SKV5WXyAvvlRwaFufHZ0Wf/p4/Sl/TcP0OcU2U5U5fA3Tce', '', 'maharu', '', 1, 12, '', '', 0, ''),
(160422002, 'Ignatius Hadi', '', '', '', '$2y$10$Z9IcWnkm2aNMJ3G5a3dSL.dOgjBpO3mVZhM42x6a.TB6mt0hHwr5m', '', 'maharu', '', 24, 18, '', '', 1, ''),
(160422003, 'Fransiscus Xaverius Surya Darmawan', '', '', '', '$2y$10$7MNgzOWJcVXmuRt5isGYEu4pvfrehL3dcWM0D7WlOj2PX0Uu9ssyi', '', 'maharu', '', 1, 17, '', '', 0, ''),
(160422004, 'Feliani Ardita', '', '', '', '$2y$10$ujVnFwo9UOGPkdW/xnxZz.vV25CeBq4MIJ/oHQZkYEroEVwpBrIYi', '', 'maharu', '', 2, 13, '', '', 1, ''),
(160422005, 'Fanny Rorencia Ribowo', '', '', '', '$2y$10$PsgZLwhOHboHZpH6NHpbOuYx350V1d4paM8V0JQ.6iQKY6ebwVbgu', '', 'maharu', '', 20, 14, '', '', 1, ''),
(160422006, 'Bramatya Prio Sembadhi', '', '', '', '$2y$10$p9dAEA67ke9rojowHL4ti.WAn1YAWgCjB.IaLnBRDpgZGY9UTBQdO', '', 'maharu', '', 25, 18, '', '', 1, ''),
(160422007, 'Edward Leonardo', '', '', '', '$2y$10$6IX9TVlCMOT6bbxjR.q83.SH.iPV3ZpEpDo0saORTG4CjaotkbwAW', '', 'maharu', '', 1, 23, '', '', 1, ''),
(160422010, 'Kevin Sumayouw', '', '', '', '$2y$10$gYdgzOjGPPFZFcx9kDdZ6.YO7zdFLMHcWlfwSpxrwnp6qObn85icK', '', 'maharu', '', 3, 7, '', '', 0, ''),
(160422011, 'Willy Himawan', '', '', '', '$2y$10$aUzOFNBqkRMLS1OrTWd92e94oEFt8CkDjnF8fisqx.3sMEQRqNO3i', '', 'maharu', '', 24, 13, '', '', 1, ''),
(160422013, 'Meychella Permatasari', '', '', '', '$2y$10$9xJc0ESisFxxOGQxSLl2BuFJlfU6f8Fu2W9vlfK/deeO1m5eH90zK', '', 'maharu', '', 2, 15, '', '', 1, ''),
(160422014, 'Alrick Demetrius Oepojo', '', '', '', '$2y$10$GxA/e7dpdEYvSYWfQp0.uO86SXm/1e45Ef6AVHOKc/K2AZffNvWaO', '', 'maharu', '', 23, 18, '', '', 1, ''),
(160422015, 'Sarah Laura Sianipar', '', '', '', '$2y$10$/d9E5HQp0gx6aUZaSlza/urSzNvWDX3Wi7STamoupCW195DFtjq56', '', 'maharu', '', 4, 8, '', '', 1, ''),
(160422016, 'Michele M. Angkiriwang', '', '', '', '$2y$10$Ze8egHgI1S6hC/PQbryI8ei9NlFsYKwxgMEPraXWrtT8mCJGbWcUm', '', 'maharu', '', 3, 13, '', '', 1, ''),
(160422017, 'Randy Lemuel', '', '', '', '$2y$10$GMQO2b9L0AsCdqJCqqgea.5W8RLI5qmzKfmBMLby.h7Edj4giKhPG', '', 'maharu', '', 23, 4, '', '', 1, ''),
(160422018, 'Gabriel Narendra Damanik', 'gabrielnarendra1@gmail.com', 'minecraftlegend1', '081216339241', '$2y$10$Tqy95.A9HDns2u566OHjSuG6QLeLaU80qua775LVgB1lIA4zXe5Ym', '', 'maharu', '', 24, 15, 'gabrielgnd_1', 'SMK Kristen Petra', 1, ''),
(160422019, 'Nico Isao Jowi', '', '', '', '$2y$10$Q16keld65m5oVYsGcNrPWuRfkkPUQsMqFRP.yo9La6G9.atIArEUS', '', 'maharu', '', 25, 8, '', '', 1, ''),
(160422020, 'Darren Gideon Sutanto', '', '', '', '$2y$10$NNzwFvrX/cnJW4vI44LAoeozetd0dhHW7IIuPD6Vw15GjHYEBGcGy', '', 'maharu', '', 18, 17, '', '', 1, ''),
(160422021, 'Luky Sutanto', '', '', '', '$2y$10$2gTqZkJoBD7gkqfKnkGgZOw/gnBe7776yg89l5ifrizIKAHqArKRS', '', 'maharu', '', 17, 23, '', '', 1, ''),
(160422022, 'Stivent Nathaniel Riwu Laky', '', '', '', '$2y$10$0zsDQRPC0ntjWuWsMAZTYuOYfJWcctT3X2X0WHgcluwKP0PKAk5dm', '', 'maharu', '', 3, 11, '', '', 1, ''),
(160422023, 'Mathew Reynald, Sutanto', '', '', '', '$2y$10$dNVfdfIvkfFwBEeihNbBvOZ./8131vJTqDsTjzukZPw.ppcThO9/.', '', 'maharu', '', 23, 18, '', '', 1, ''),
(160422024, 'Ryan Subagia', '', '', '', '$2y$10$a.1OtVkeZxLqicxh7QLKQ.y2jD0SNbPovrtSdpqZ.6Y4a22dLMjQ.', '', 'maharu', '', 9, 13, '', '', 1, ''),
(160422025, 'Matthew Clifford', '', '', '', '$2y$10$Fh4rGMg1duU4M0jfnPNAl.Gwkeq95MFPOhd48OGJvvt7ZGmVmtiFi', '', 'maharu', '', 2, 23, '', '', 1, ''),
(160422026, 'Cheryl Daniela Tedry', '', '', '', '$2y$10$48WqwUXmOOrrXB0ALgBLNOcQo7.wqVUcTkGAIDFwP8o7ACzMstcei', '', 'maharu', '', 19, 14, '', '', 1, ''),
(160422027, 'Nadine Chow Abednego', '', '', '', '$2y$10$ffrrOIwUDaZl9R8GLQEs/.4HK.ZfKzVwY80UYv2EfZ3UsAY6o6EaO', '', 'maharu', '', 4, 13, '', '', 1, ''),
(160422028, 'Calvin Chou', '', '', '', '$2y$10$4Er71DTP.2nAdMgfHgFw3uexxyq/MzHjVzHJ/i23LpQbhXgMn1flq', '', 'maharu', '', 24, 6, '', '', 0, ''),
(160422029, 'Stanley Alexander Gondowardojo', '', '', '', '$2y$10$wRAcoeIawwGXOBoFU2nOLe6/RvI9BcUr1udHl1tANNDMaeNeCbAxm', '', 'maharu', '', 24, 10, '', '', 0, ''),
(160422030, 'Marvin Wijaya', '', '', '', '$2y$10$SpM5bsZJikyvswSP9hVaKe2mV5TFCo6XOOal72DB5LmW/gq6LKw/G', '', 'maharu', '', 22, 18, '', '', 1, ''),
(160422031, 'Angeline Aurelia Arifianto', '', '', '', '$2y$10$Ts/fKfT9RTUO9an6ECf1AOZ3MZMnwOQ7EEDFztJn8OpfUwe5k46k6', '', 'maharu', '', 11, 15, '', '', 1, ''),
(160422033, 'Jason Nathaniel Kosely', '', '', '', '$2y$10$2newxMQ0jlAwgv/glltpxen2wIT633t9x2BA8jSLfLdVnDoADVywK', '', 'maharu', '', 25, 4, '', '', 0, ''),
(160422034, 'Aaron Shane Candra', '', '', '', '$2y$10$DIN1I.JcD0BuMQHJ3XZQPOGluqOgXTTGAokEfJ4AXXYM/MTTyMKgC', '', 'maharu', '', 3, 14, '', '', 1, ''),
(160422035, 'Darius Mulyadi Putra', '', '', '', '$2y$10$vqh/aMJmHRpFMydm.BKE2eFvw/KANimD05Z8mHO8YcXC9hzFz6TQi', '', 'maharu', '', 21, 9, '', '', 0, ''),
(160422036, 'Michelle Christabel Fidelia Siswanto', '', '', '', '$2y$10$m.wtQs.AW/2N7M1rXbA5E.NMFRH3xg55.xYSVWLJJ4L0875HDA5bC', '', 'maharu', '', 16, 18, '', '', 1, ''),
(160422037, 'Cennia Lieta Herada', '', '', '', '$2y$10$RrnIEvh445/7JyBlUYjScOni4uFa.QDKaDNRfv25Ek.sWd4YfEiX.', '', 'maharu', '', 15, 5, '', '', 1, ''),
(160422038, 'James Edward Siswanto', '', '', '', '$2y$10$jGX/juEnp2DyYWHUJoz2ZOgFtpwgbe16UGCstMZa2nLgHFlTsg0S2', '', 'maharu', '', 23, 16, '', '', 1, ''),
(160422040, 'Oakley Levinson Gunawan', '', '', '', '$2y$10$u8ch7hOI.u7SGJ0X1KTsae72jnMaChyYJlRMh9AUpn.Ie0LDE0rdW', '', 'maharu', '', 17, 16, '', '', 0, ''),
(160422041, 'Nathan Garzya Santoso', '', '', '', '$2y$10$6s7ipkN7fDdllNKwCku7teZHS5yExfs5dPR/o4zGu92g2lO1ZaLGC', '', 'maharu', '', 19, 10, '', '', 1, ''),
(160422042, 'Joshua Daniel Talahatu', '', '', '', '$2y$10$wf3Dhc75tkpJxcmHUbHd.urfJchRFi2yvWj7SpU7k2JsRGQ0bSEi6', '', 'maharu', '', 1, 7, '', '', 0, ''),
(160422043, 'Kaila Fiorenza Gampo', '', '', '', '$2y$10$6Sg0Xcn9wn1N7zoxZw1hkO9GfIQ.012pHlFzvcBAMIDZb7mFtZS66', '', 'maharu', '', 14, 12, '', '', 0, ''),
(160422045, 'Bryan Porayouw', '', '', '', '$2y$10$vQgU8DvBgZtN2ri5m/mfz.7395IAseP.iZIGJavuDiVNJiEnLup.e', '', 'maharu', '', 20, 6, '', '', 0, ''),
(160422046, 'Axxel Nathanael Pratiknjo', '', '', '', '$2y$10$wc4Dk6kThyEhluKR4Ga9MudHt0iwFdCCaNy5iMPVcI5g978roib1O', '', 'maharu', '', 21, 17, '', '', 0, ''),
(160422047, 'Felicia Juanita', '', '', '', '$2y$10$LtUh2/IeuTsFp7CUdNVo5uD3.adT3hNvIgFtWNPxc0S6TZQQCxSoO', '', 'maharu', '', 18, 16, '', '', 0, ''),
(160422048, 'Jevan Therry', '', '', '', '$2y$10$NPqyEOQZLezHObQCMibmJOb7ynmrqzeovbfwH8m1Zm4DdtwFL/LaC', '', 'maharu', '', 17, 6, '', '', 0, ''),
(160422049, 'Victorio Abelnardo Tjhang', '', '', '', '$2y$10$ZSrPm8yg/MM/LM3FeKR.GOO0iCCezVdAjar11R5dL6wwwtU76Pd4C', '', 'maharu', '', 22, 17, '', '', 1, ''),
(160422050, 'Malverick Jocce Tanoto', '', '', '', '$2y$10$dCKN2TcKqNG/GqTiZtG7cOH9TADFxmmy7xZGmvL751.0Adwz9.gV.', '', 'maharu', '', 14, 12, '', '', 1, ''),
(160422052, 'Alexander Matthew Sanjaya', '', '', '', '$2y$10$xBsZokn6mfIs8qGaq.W8J.wbxi2O30KvkNJI8RvjvOlkJH7WdNn1a', '', 'maharu', '', 1, 14, '', '', 1, ''),
(160422053, 'Alvin Benedick Dharmawan', '', '', '', '$2y$10$a9e6AH35wJ9vxVGGW2RasuRT6YSVw3MUpo8vxYL1RUJwahd14ZLfW', '', 'maharu', '', 17, 5, '', '', 0, ''),
(160422054, 'Cindy Anastasia Soharto', '', '', '', '$2y$10$jZIoaxMh2h.ozEyETq5iEepdBlVb10MDyU2HX/lt/mPUTjrxmPD9e', '', 'maharu', '', 19, 15, '', '', 0, ''),
(160422055, 'Thalia Trixie Taner', '', '', '', '$2y$10$H5WM/ExEwS0.N3K.sLTKmeSbcJQeHiLUYdSkoSDUlLJC72CREiTKq', '', 'maharu', '', 11, 12, '', '', 0, ''),
(160422056, 'Marchella Permatasari', '', '', '', '$2y$10$hO8hn2.h4BUx3uveiZMk4ef5RNecbE81UQsPq24yU0jV46gXAC0/W', '', 'maharu', '', 21, 14, '', '', 1, ''),
(160422057, 'Alexander Kent So', '', '', '', '$2y$10$nbgXrY4o6enAhsutDuB8P.3.4i5NHtG53p19rCSgVCp/4GQmRAspC', '', 'maharu', '', 18, 10, '', '', 0, ''),
(160422058, 'Edwin Raffilio Widigdo', '', '', '', '$2y$10$4tyWqiKXo0/hASL1Q3k6x.XTuhEybVlBfoF9hn52cKhCBdzA9L1hq', '', 'maharu', '', 2, 7, '', '', 0, ''),
(160422059, 'Arnold Jerome Candra', '', '', '', '$2y$10$tWlvax7o4eIBHSyZQFtOmeOqH.eaHZL0yAN5mAjIdYbECPVHMsyVa', '', 'maharu', '', 1, 13, '', '', 0, ''),
(160422060, 'Muhammad Hanif', '', '', '', '$2y$10$Lb1C3x62q76ErALIeoYc2ORN/OMDsEbP8KioYgBVvVfPA99GWVI/i', '', 'maharu', '', 3, 16, '', '', 0, ''),
(160422061, 'Lanang Rifli Athallah', '', '', '', '$2y$10$QfHOJuFoe6JWaSSwToUYPu4JTwZ/nGucQY4yLG1ZnGJvmNUrOhddy', '', 'maharu', '', 15, 12, '', '', 0, ''),
(160422062, 'Janet Deby Marlien Manoach', '', '', '', '$2y$10$ekw7W/MX.4VSHSsFlKA.A.0r8Vq3e2PE00as62uAstCaZWNqdw69O', '', 'maharu', '', 12, 16, '', '', 1, ''),
(160422063, 'Clarion J Koeswandy', '', '', '', '$2y$10$CQtjAxtQvOEcwW.PJVypJ.Rb/DXTCDI5g/QCQ43XoCFpy1ce1sSD6', '', 'maharu', '', 21, 14, '', '', 1, ''),
(160422064, 'Bryan Rumuy', '', '', '', '$2y$10$6ufFsjvTXRtNHb2yBEnE2e9RAEjEpfsBH6g.8KhaPyYkrodPEk7fa', '', 'maharu', '', 3, 11, '', '', 1, ''),
(160422065, 'Antonius Kustiono Putra', '', '', '', '$2y$10$Z7pA1q.avrnsk948RqDSC.kDwUCrZNKHOJkfwPfxWsg0mGR8MAyhC', '', 'maharu', '', 19, 14, '', '', 1, ''),
(160422066, 'Ardhyan Try Putra', '', '', '', '$2y$10$HGAZLB/poT3H5iLMPd3CtOgdusViS0mUWCm/NsevdvJOCWU3yApEa', '', 'maharu', '', 22, 9, '', '', 0, ''),
(160422067, 'Michael Febryan Antolis', '', '', '', '$2y$10$A9e/7dIVsC87G7G1s8oxhOEV8FaajWs1GzUVbFYnyg9ThSjwKLYdm', '', 'maharu', '', 20, 15, '', '', 0, ''),
(160422069, 'Florencia Yang', '', '', '', '$2y$10$LnsJfS9Vwtt7iKF.BV3kNOEdiwI9tX/.g8S.9MtfaBu1C0V84/IVu', '', 'maharu', '', 6, 17, '', '', 1, ''),
(160422070, 'Fransiscus Xaverius Petrus Jonathan Suhargo', '', '', '', '$2y$10$ZYVlwEwF0/dETR4TJHBtI.znMQvEGHCrb5aNN.u..BOH4XF/tqojm', '', 'maharu', '', 22, 4, '', '', 1, ''),
(160422071, 'Kresnayana Nanda Arifink', '', '', '', '$2y$10$ccMC.ETNhlF11IEe4N0CTO7i0uXK5fW1qLhRML6pmtwF1tLvj8LUG', '', 'maharu', '', 14, 10, '', '', 0, ''),
(160422072, 'Nur Rachmad Fauzi Putra', '', '', '', '$2y$10$yzE92MUHd/ZMb.MlKgJyF.unaEZaYW2ElQnKhDp28sLrxMM9IcJr.', '', 'maharu', '', 16, 23, '', '', 0, ''),
(160422073, 'Christopher', '', '', '', '$2y$10$C0ubzRCDusuYYoAOsIWYiOSC5..uis7TeQWzYSOl8h1yY0pxh2HKy', '', 'maharu', '', 18, 11, '', '', 1, ''),
(160422074, 'Deny Yusuf Marcheno', '', '', '', '$2y$10$ouSBDdD7VzQAHDoxQcBcyOoRrQHSkkUBqpbajjVF2G3o/FzOqrlsa', '', 'maharu', '', 10, 15, '', '', 0, ''),
(160422075, 'Gilbert Maynard Saragih', '', '', '', '$2y$10$S21UHDpBV8fqLm5KeYjRr.4MrQV2nvNS6p6PAhfrLueIWjQfMfKXW', '', 'maharu', '', 21, 12, '', '', 1, ''),
(160422076, 'Hendra Wijaya', '', '', '', '$2y$10$7BzFoff/Vbh3NCEbbuuIK.r0JJqXCHTeJ6Yk1mkhgEWSj2d/IAifa', '', 'maharu', '', 16, 9, '', '', 1, ''),
(160422077, 'Louis Dewa Voterra', '', '', '', '$2y$10$M93btq60xU9SmJ8DS33BBuOsCAYXYxbJbr0jr9chzqWdXxrddQqn2', '', 'maharu', '', 22, 23, '', '', 1, ''),
(160422078, 'Anastasya Putri Mulyani', '', '', '', '$2y$10$XduL06MUw9BtJnD8YEfv9OM2nusevVsE8ztkAyL6W5ykXrupbsb/a', '', 'maharu', '', 6, 17, '', '', 1, ''),
(160422079, 'Laurensia Jeanne Tjahayanti', '', '', '', '$2y$10$LKo8/X1t4U8saKHIE61tNu9HyTwYk4iFKZVHL4zE2g/lZhrtFPprC', '', 'maharu', '', 8, 18, '', '', 1, ''),
(160422080, 'Miracle Raphael Khusuma', '', '', '', '$2y$10$HoEFiA/GdXT66CvjnTQXI.5Rg.jidxaI3Sapd5Xz1oQ4.kUKd1P/i', '', 'maharu', '', 11, 9, '', '', 0, ''),
(160422081, 'Caroline Angela', '', '', '', '$2y$10$Xo.4ZWXE.Lq93N6NW9VQNeMDPLwcMlPCaUwhfOIldkqJDxEqaE7hO', '', 'maharu', '', 20, 12, '', '', 0, ''),
(160422082, 'Juan Kody Leondro', '', '', '', '$2y$10$ZEl3wobbCA2g7zYieonbR.TQllLLKiFvMR5a3KZPYItJdTXUCinry', '', 'maharu', '', 12, 14, '', '', 1, ''),
(160422083, 'Michael Lawrence', '', '', '', '$2y$10$xAJSAue3tu4Ab89QSgLWwepKbaEisfZwPKUP6jvwCTwu4NlLL144K', '', 'maharu', '', 22, 17, '', '', 0, ''),
(160422084, 'Martinus Reynaldo Pratama', '', '', '', '$2y$10$i0e9dnYP83Q/fTmy5eX.kOaebhhR4TATKWELwJtMq23zPYGs6PzR2', '', 'maharu', '', 19, 13, '', '', 0, ''),
(160422085, 'Josias Sanaddchie Chandra', '', '', '', '$2y$10$nYCjAPzNZeJu7Wkq1lfn5uTsy0MkRr7J6nKyNPZW9XRpZ6YVrOgUu', '', 'maharu', '', 5, 16, '', '', 1, ''),
(160422086, 'Rafii Manggala Japamel', '', '', '', '$2y$10$jtn4ULntkveU/lRDQTslw.HY8VHiRUtbc4.oj2xcRR9VK5WWTsy8K', '', 'maharu', '', 13, 18, '', '', 1, ''),
(160422087, 'Kanaya Kartika Dewi', '', '', '', '$2y$10$Mho.AYj5QjO3othlxW2VIeKHemRy1vIs5mGC1VO9oS9NK9aBVpETm', '', 'maharu', '', 8, 16, '', '', 0, ''),
(160422089, 'Muhammad Afif Hawali Al Bahri', '', '', '', '$2y$10$ydvRTVGDm6LPkWh9keXhqu7BdExnGcH2ofCoN/DGfSXrTZ4tDx3L6', '', 'maharu', '', 14, 13, '', '', 0, ''),
(160422091, 'Aliyah Rheina Zifa Maharani', '', '', '', '$2y$10$i1idinpelD81j3Fvl2BVROcLupnCdWJL.lHhhKMZn1D9.NdARTZ0O', '', 'maharu', '', 13, 18, '', '', 1, ''),
(160422092, 'Yuniadi Wahid Imami', '', '', '', '$2y$10$Q8tp3j8k/ZmKJeQ.lbt/xuF/MdiFe8hW9FhJPSUwHUaJxqypWxea.', '', 'maharu', '', 16, 14, '', '', 0, ''),
(160422093, 'Grace Venska Sutanto', '', '', '', '$2y$10$farCg9zRx7SulGRhOpi4eOF4qQN3NkQbVmEfrXZlacM/VgPMguEp.', '', 'maharu', '', 7, 14, '', '', 0, ''),
(160422094, 'Salsabila Rahmadini', '', '', '', '$2y$10$siiD1vqHDqzCxdOz/Ytt3.VBYXNKNPMZdmTNDNDuLjDeHEFmoFym2', '', 'maharu', '', 10, 12, '', '', 0, ''),
(160422095, 'Matthew Dharma Putra', '', '', '', '$2y$10$hKsc1XdB.fDdPgSqznXsdeX1gfg.VR6gm9FgzRSYjYtbjd1BAovOW', '', 'maharu', '', 21, 15, '', '', 1, ''),
(160422096, 'Marshanda Phanliana', '', '', '', '$2y$10$uSsVXb3R21MHIHtKfoy1CeoITN5xWZfz7CwIfgIbSpk.7a0kHtERK', '', 'maharu', '', 5, 15, '', '', 1, ''),
(160422097, 'Aditya Valentino Bayu Krisna', '', '', '', '$2y$10$Uyis1zxkE7hCS8SC0AePZeUCmlaLny4TItnsK/bnuUQXTY1KvJRLi', '', 'maharu', '', 11, 16, '', '', 0, ''),
(160422100, 'James Dharmawan', '', '', '', '$2y$10$eps12UIE7S490O.eoEO55O1hf.oSYlYof1O14k4RJfMhS55SSK3KW', '', 'maharu', '', 10, 17, '', '', 0, ''),
(160422101, 'Fiorello Austin Ardianto', '', '', '', '$2y$10$aDZwh5ObtyArjedIPm52L.aNHXkjYVt6hSyDTnUCOCFEEi7sTUT06', '', 'maharu', '', 4, 18, '', '', 1, ''),
(160422102, 'Emanuel Jordan Rafhaelino Sanjaya', '', '', '', '$2y$10$V06hIOoG0k1QZWJEgqhjyuqwZosLFksbO1TlEF12DgRSSxoYiiLJ2', '', 'maharu', '', 15, 16, '', '', 1, ''),
(160422103, 'Argatha Andryansyah', '', '', '', '$2y$10$8vyMTuasPKE9okMe/HG/cO9GeOwcN/xx31SpH6uyNfpLTex6/2LFS', '', 'maharu', '', 13, 12, '', '', 0, ''),
(160422104, 'Reynald David Oenata', '', '', '', '$2y$10$quO68FHXHsbXJsAF59SLOerIqAf8CjhI9IvAQwel4S49SXqEENcJW', '', 'maharu', '', 6, 4, '', '', 1, ''),
(160422106, 'Andi Cahya Santosa', '', '', '', '$2y$10$z0Y8e9O/sIkKpQ0c8l6f0uek5suIW.oVw0vESL2RJvPr1x4nktaZi', '', 'maharu', '', 7, 15, '', '', 1, ''),
(160422107, 'Yovanlie Hagai Yohanmar', '', '', '', '$2y$10$jJtu06GS1EehasygMC4vA.Fpr7FD4t3W0GmeFv59eILsUrGPajwKO', '', 'maharu', '', 12, 8, '', '', 1, ''),
(160422108, 'Chandra Pratama Setya Putra', '', '', '', '$2y$10$wMA42AkavTdWdr9k9GT3jutEDQVw60yHnPsQrnK.J1I5dxbjVeJ0i', '', 'maharu', '', 5, 13, '', '', 0, ''),
(160422109, 'Cahyane Rama Wisnu', '', '', '', '$2y$10$KBYL.GAJg8amZQE5HgIAi.TMWlu0kh8Pt4mFhRH3lbtnVhHE0cBwa', '', 'maharu', '', 18, 5, '', '', 1, ''),
(160422110, 'Richie Santoso', '', '', '', '$2y$10$FgbQ3nmO/PfymUq.3OHg4e0.2eO/YTv4RkcHpr9jb1SKdoV4K10Sy', '', 'maharu', '', 7, 14, '', '', 1, ''),
(160422111, 'Nicholas Owen', '', '', '', '$2y$10$.pRZfihWAIENkcYwszGIXuQKMTNv0DN3gKedGVnM6WEnY3xIQ4Htu', '', 'maharu', '', 9, 14, '', '', 0, ''),
(160422112, 'Wielmiano Hugo Mario Avande', '', '', '', '$2y$10$N0XWg9.z2WzCnk8JxEUQoutxUdmfL8zSwJ9DvvCpEWd/SDbyKHW8q', '', 'maharu', '', 19, 15, '', '', 0, ''),
(160422113, 'Brandon Vijjaya Wang', '', '', '', '$2y$10$2duCSBImyt/nxgEQaFQpeOtZjiLBrzOUqNvWI8Pz2AAAqXzI8xpDK', '', 'maharu', '', 10, 6, '', '', 0, ''),
(160422114, 'Angga Nanda Prasetya', '', '', '', '$2y$10$BXyba02p5ORHgCQzWBmevekZeQ7prrAYcn3YE.UoJloNWQs0ACCea', '', 'maharu', '', 11, 15, '', '', 0, ''),
(160422115, 'Devan Nathaniel Wenas', '', '', '', '$2y$10$t1E.5xiOZplpcT7cuoCokuzdz/y3xBiBIWel3XofCP2NNqQ3oIpNO', '', 'maharu', '', 9, 7, '', '', 1, ''),
(160422116, 'Mochammad Thoriq Arsada', '', '', '', '$2y$10$nIOW9WND3iOk7jw9vG89X.8FTnQ6be.lEcvv3ldQOcp3CDKFlD2B2', '', 'maharu', '', 7, 16, '', '', 0, ''),
(160422117, 'Yehuda Phedra Sanjaya', '', '', '', '$2y$10$M58evmq2hcoo6CgvRXlLLOa0gZqFqIXjTyCfx7see48jL1ERTWy5G', '', 'maharu', '', 20, 8, '', '', 1, ''),
(160422118, 'Natan Sintua Tarigan', '', '', '', '$2y$10$GYS9f6Cd4MdqmzYga7MReOJGlDVAapnRU4b3rg2.q5.aS9Y6tvi3m', '', 'maharu', '', 6, 17, '', '', 0, ''),
(160422119, 'Argont Cliefil Fernando Tjoanda', '', '', '', '$2y$10$KtVkRVqU7E.PPTsNu0wMIuBeKwz/eaJ3v6fjHH8lM0nVN0q.sivCS', '', 'maharu', '', 13, 9, '', '', 0, ''),
(160422120, 'Bella Aurevia Emanuel', '', '', '', '$2y$10$PR47MxiisvjjZu0PQzGraetZ806wv/xizm33GyEVV9bZEvrPJABFW', '', 'maharu', '', 9, 17, '', '', 0, ''),
(160422121, 'Chrisyon Putra Sitania', '', '', '', '$2y$10$kz2HYlALxE4ULeZGU9ikSevjm/plnQRAPMU.mbWrMJVSUC7M1f1CS', '', 'maharu', '', 15, 5, '', '', 1, ''),
(160422122, 'Adelia Putri Kamaski', '', '', '', '$2y$10$Bu/JMmC9mGuYHiDIbm9wXOphPQNEpB4TFXMYujhUN9bvREVWOLvCK', '', 'maharu', '', 9, 13, '', '', 0, ''),
(160422123, 'Yeda Khristian Menggala', '', '', '', '$2y$10$.JcSyHQVqCM.qU.GGXFwr.7uzoLyJ9BcoxAKfoqJmnjcrXeZ0dFQS', '', 'maharu', '', 10, 18, '', '', 0, ''),
(160422124, 'Nathanael Steven Soetrisno', '', '', '', '$2y$10$7sx3hesgiSCN7BZ676v8DOCWj/6fFWcUGkxwi.ffE4tPir6UnOaza', '', 'maharu', '', 2, 13, '', '', 0, ''),
(160422125, 'Fernand Ditya Wibawa Pratama', '', '', '', '$2y$10$OLiPGuYSTO5NeTdZcPL91uJC0qcKuoR3mJTL2HpE2qI6jXoba/5oO', '', 'maharu', '', 11, 10, '', '', 0, ''),
(160422126, 'Trianda Zevania Yulianica Ambouw', '', '', '', '$2y$10$90m9n1u8ig/G7Y9ReP1H/.gARNVN8m0EIp6lDTWq381th/seU191e', '', 'maharu', '', 14, 17, '', '', 1, ''),
(160422127, 'Audry Verly', '', '', '', '$2y$10$A4ZItP6lqmhZfdubRvqnWeHNfTFkXqSHmMk7fmJjxnSWhdUsnjF92', '', 'maharu', '', 15, 11, '', '', 0, ''),
(160422128, 'Erlangga Deanda Chandra Setya', '', '', '', '$2y$10$Ea3HwckbCBc/FrLXeWH9a.IyWsMtw/eNDLD0Jq4g.UOFD94ce6vZi', '', 'maharu', '', 7, 23, '', '', 0, ''),
(160422129, 'Grace Kezia Stephanie', '', '', '', '$2y$10$W.rXKZtVEr3/nbh4r.KTf.Krq2kUq0EESBnfwVKGdb23LCJsgJgwW', '', 'maharu', '', 17, 7, '', '', 1, ''),
(160422130, 'Havel Wildan Azmi', '', '', '', '$2y$10$jfK706RuwEFhgh2msWV3SuJnvGkKktvR1NMkDYlhDKLi4Xopi.V2S', '', 'maharu', '', 12, 4, '', '', 0, ''),
(160422131, 'Mochammad Khadafi Akbar Wijaya', '', '', '', '$2y$10$efwiKTVyvEdNN3S5QVydYe9avwD/6bQBBwVDSfuMVNKZ/smBvLQpG', '', 'maharu', '', 4, 12, '', '', 1, ''),
(160422132, 'Handani Sanjaya', '', '', '', '$2y$10$IhZE1SpuidD/wfmvS/2xc.NbI9oLp2ePtQfkBt4tRErk5tbWspy0m', '', 'maharu', '', 16, 15, '', '', 0, ''),
(160422134, 'Kevin Hendrawan Wijaya', '', '', '', '$2y$10$FmDvJirVyycEx0pus7NLN.zeHR2qmRl1ZkM67EzMVckLLsfTEwkVy', '', 'maharu', '', 8, 16, '', '', 1, ''),
(160422135, 'Nobel Hikmawan', '', '', '', '$2y$10$g6MtGhiFwQMDG0uE73i0SeWJvk2OKYLEHWgMcP6lpaiXjeY4oK9.e', '', 'maharu', '', 13, 5, '', '', 0, ''),
(160422136, 'Ketut Gede Rendi Diksa Udayana Putra', '', '', '', '$2y$10$z1ZqZ2JSZ1h4pAWO7DDMUe/zqQG6LG7HlcReyuwE8qyiVgPT7TDda', '', 'maharu', '', 4, 13, '', '', 1, ''),
(160422137, 'Imanelient Rakan', '', '', '', '$2y$10$QJ/oTAZhepvquuGDzg7s4.ai5A4fKmo8rPIIDQtFgihoHb7Ftkqf.', '', 'maharu', '', 12, 6, '', '', 0, ''),
(160422138, 'Dustin Delroy Santoso', '', '', '', '$2y$10$NL60znTpS2locusu5Wl6hueWGRKFtkQOWm1DxQoX2P1Qnua8NHUbG', '', 'maharu', '', 5, 14, '', '', 1, ''),
(160422139, 'Made Agus Adi Sudhano', '', '', '', '$2y$10$7Ebx.JK0aoWqFHF9elb6AuKImvXPcONUqoO.2ib9A8vDmI39.xah.', '', 'maharu', '', 12, 11, '', '', 0, ''),
(160422140, 'Nur Muhammad Faiz', '', '', '', '$2y$10$ycmzMNf8iOhoYf89SmxuHeqv3q0Q2fr8zRADUzEGW2qTer9shcZYW', '', 'maharu', '', 6, 15, '', '', 0, ''),
(160422141, 'Aldi Fadhlurafi', '', '', '', '$2y$10$8ZEL05Bz8NKxNxL4.j/i0eGcCysyR2PhOahvb8T7Oc0vpHOnaRrMC', '', 'maharu', '', 10, 8, '', '', 0, ''),
(160422142, 'Aulia Novianty Lamanasa', '', '', '', '$2y$10$649u26F9MLBwWQXgQ.PQ5uZejSJ1kV7Pt82wgaoK6A/N00och3kA2', '', 'maharu', '', 22, 13, '', '', 0, ''),
(160422143, 'Wayan Christian Pradayana', '', '', '', '$2y$10$7hxYQF8BbmTlYC/IpID1seIbtAnvfqS97eO6wQBmxSPRgxKSAYtCq', '', 'maharu', '', 9, 16, '', '', 0, ''),
(160422145, 'Dewan Banuyasa', '', '', '', '$2y$10$TGhjNDfnh5D6A1uHe.D6A.yHK84lzOe2Mzx9Ml85tU36/hhyUVOEm', '', 'maharu', '', 13, 23, '', '', 0, ''),
(160422146, 'I Kadek Restu Nugraha', '', '', '', '$2y$10$Qo0eAOZ3VBU9DSNLJ0kXi.PR9Yomp4ULSMsQ/fYwPEjFbGdDsFHwm', '', 'maharu', '', 6, 12, '', '', 1, ''),
(160422147, 'Arfando Kaggy Herwanto', '', '', '', '$2y$10$ZziEr9bPEIvbDYzRWGNKPuBmZBhUmn2J3AZE5Jp7AScTL3O4pnWsm', '', 'maharu', '', 8, 14, '', '', 1, ''),
(160422148, 'Cicilia Dwi Palupi', '', '', '', '$2y$10$LWqwCT9NWkiUlx4fNsPovu/VhAUBtfPncLI6Bhqs6MZ21fmEYnSy.', '', 'maharu', '', 23, 16, '', '', 0, ''),
(160422149, 'Farrel Reza Ananda', '', '', '', '$2y$10$tIuusMEt/2mT2qfc9kwarO1AB5dXmZG14O0suF8UoKQ6.L3Kv21D.', '', 'maharu', '', 7, 13, '', '', 0, ''),
(160422150, 'Cecilia Zefanya Ingkiriwang', '', '', '', '$2y$10$0SzrKI9Pt8MzyAjHw0i2xO/qy92nHuPZh9SCo1H8nfLGgBA1uCqOq', '', 'maharu', '', 10, 15, '', '', 0, ''),
(160422151, 'Calista Valentina Shen', '', '', '', '$2y$10$EJ.ubDxePoQlWhbrp.PsgeUK.JZ0PY4G.P537ZdLhZCN7bD9E5Uve', '', 'maharu', '', 24, 17, '', '', 0, ''),
(160422153, 'Novan Nelandi Ramadhana', '', '', '', '$2y$10$CU1XPweHox2bfRKbnfJ0xeKVFVPkTAo/avmhQiu5bD5VLVsDLEJEG', '', 'maharu', '', 4, 18, '', '', 1, ''),
(160422154, 'I Putu Herdy Putra Fajar', '', '', '', '$2y$10$5nZVvGf2PO12gAtWUlC72Obj2YJAp3njHL2iPGujOuMUf2V7yaK1S', '', 'maharu', '', 18, 16, '', '', 0, ''),
(160422155, 'Gloria Taratama Putri Widi Sanjaya', '', '', '', '$2y$10$UyZSf22UyS3eh/B4e0mrh.llEKWAVanGfknmN05N.6hwSvEM37sBi', '', 'maharu', '', 23, 18, '', '', 0, ''),
(160422156, 'Muhammad Rizal', '', '', '', '$2y$10$4mo7XpxWNYoldbeV/c/rdeTXK/g8wY6RY2rl2nTiXmXmkyN6zib16', '', 'maharu', '', 5, 17, '', '', 1, ''),
(160422157, 'Mohammad Fa\'Iq Ruliff Mustafa', '', '', '', '$2y$10$ETy6y3rN9a70zeCTq4aveeuYoA8VPBrBuEYuOQPRnBYb47jmEA5GK', '', 'maharu', '', 8, 15, '', '', 0, ''),
(160422158, 'Hamdalla Agil Putra Nasol', '', '', '', '$2y$10$S9Ae2Sbmi.tBDgE7m0Z8m.4Dpjp13qfM1iNMAEQl.STfzD9CEdogm', '', 'maharu', '', 19, 14, '', '', 0, ''),
(160422159, 'Zaki Salman Luthfi', '', '', '', '$2y$10$s0wT/oHQwLE7WRPTjLNecufDFUZlC3SGWGWwMaFDqUqz5GjYFvKZG', '', 'maharu', '', 2, 12, '', '', 0, ''),
(160422160, 'Gavrila Ivander Mayko', '', '', '', '$2y$10$nvYWLfEI5Y4/5YJhz.ViZemSnESy4sLGYpy0W3l4C0JCy0mYTcER.', '', 'maharu', '', 15, 12, '', '', 0, ''),
(160422161, 'R. Zahwa Novario Ramadhan', '', '', '', '$2y$10$lD9Njj/L4LBkRU9ZLJH2ou4nf2rG6q/jhEUzXsAL5Oc.3I4.N0YZq', '', 'maharu', '', 25, 13, '', '', 1, ''),
(160422162, 'Raihan Faruk Mahri', '', '', '', '$2y$10$Qa9vp57V.qyPzQ/oKLP4du.m1pBwR8tsJgeUVP8PDwvU6nDoMZgXO', '', 'maharu', '', 16, 18, '', '', 0, '');
INSERT INTO `users` (`nrp`, `name`, `email`, `id_line`, `no_hp`, `password`, `remember_token`, `status`, `divisi`, `beta`, `alpha`, `instagram`, `asal_sekolah`, `is_reset`, `avatar`) VALUES
(160422163, 'I Gede Bangkit Restu Wijaya', '', '', '', '$2y$10$Xy9U5AQqX0GGbKDyTNA5B.M0pa5df5xThFvWxodWwhh5HIEXn.pda', '', 'maharu', '', 5, 17, '', '', 1, ''),
(160422164, 'Antonius Brian Danendra', '', '', '', '$2y$10$bHqmPszIECoE1GrE79P0dO6OiUo5M8U02vr896suLjOWwlLwLC.Gy', '', 'maharu', '', 8, 18, '', '', 0, ''),
(160422165, 'Wahyu Dwi Wicaksono', '', '', '', '$2y$10$JZRIx2U0TcQXAMAI49cmgehZ2nGD8CRjKyAacq5OfjWwrVyx1qVqC', '', 'maharu', '', 14, 16, '', '', 0, ''),
(160422166, 'Muh Farhan Rinaldiy', '', '', '', '$2y$10$btIStk4lai9J5BP3yB2BZurRAepXHTLqjtgpYHyPetMLFdiu/1R7.', '', 'maharu', '', 20, 17, '', '', 0, ''),
(160422167, 'M. Salman Al Farizi', '', '', '', '$2y$10$0Q4OI0hyc2D3d88l4s7FEu1a.sfEF/97cL8fXFyRc8kIt5/rZoI4W', '', 'maharu', '', 25, 5, '', '', 1, ''),
(160422168, 'Nadiyah Shabrina', '', '', '', '$2y$10$sqwr/cM63zASt3OpXgvF8.epO0bdv1jVT7y72ukv2pgzypjWmpTMi', '', 'maharu', '', 17, 8, '', '', 1, ''),
(160422170, 'Dimas Amirullah', '', '', '', '$2y$10$7rNu.E404D7BeA2r2kI88u/h4ozyERhgk1q2rTCVMGJSoo.4reQ5i', '', 'maharu', '', 20, 7, '', '', 0, ''),
(160422172, 'Kaisar Anugerah', '', '', '', '$2y$10$aIKTaoeyff9aKQhx6zxzp.K2Ztlyn/YCi4x3lrUv6LThopUNX7WAG', '', 'maharu', '', 4, 23, '', '', 0, ''),
(160719026, 'Jose Genaro Yusha', 's160719026@student.ubaya.ac.id', '', '', '$2y$10$qHsS.3eVrqbOsbF5bUUK9eDvV2zmUliSsJc6DIvbBLJ9M5mm4PCDy', '', 'panitia', 'ITD', 0, 0, '', '', 1, ''),
(160719053, 'Ariki', 's160719053@student.ubaya.ac.id', '', '', '$2y$10$nQbbADUmLevazZ9w8YArH.qCofSBn4d9U99M7L02wIzImJ5vAqDb2', '', 'panitia', 'MAPING', 19, 19, '', '', 1, ''),
(160720001, 'Ezra Putra Sulistyono', 's160720001@student.ubaya.ac.id', '', '', '$2y$10$1Uwc8wIN0j/Ronn336R.uegdtdKGhaMYjmxzBHK89PhxlMVOm0apq', '', 'panitia', 'SFD', 0, 0, '', '', 1, ''),
(160720002, 'Jabesh Nehemiah Wijaya', 's160720002@student.ubaya.ac.id', '', '', '$2y$10$Df2V8cpMbTP3VGccf6PGjOf.flrCKdvSXj9jsabmVqrQPKUd.dVxy', '', 'panitia', 'SFD', 0, 0, '', '', 1, ''),
(160720003, 'Yongky Setiawan', 's160720003@student.ubaya.ac.id', '', '', '$2y$10$kchbUB6VbQh94NMjFjr1OutAW7P.XZMMiQhUgzSJQvX7m6ooFQW86', '', 'panitia', 'MAPING', 20, 20, '', '', 1, ''),
(160720004, 'Evangeline Alicia Thamrin', 's160720004@student.ubaya.ac.id', NULL, '', '$2y$10$23oY6JVS0qzgFak0oQeLauYDUlBRdfUotu73JIBZ8FGyCYx83AVgu', '', 'panitia', 'AD', 0, 0, '', '', 1, ''),
(160720023, 'Jocelyn Koentjoro', 'S160720023@student.ubaya.ac.id', '', '', '$2y$10$ltvufWBzQUUizV8M4amRFurFK.XRrsBC9Gyy7fGz.z86HEkS7Ybn6', '', 'panitia', 'MAPING', 21, 21, '', '', 1, ''),
(160720031, 'Chelsea Clarista Valencia', 's160720031@student.ubaya.ac.id', '', '', '$2y$10$8n88rU10UDofoFtr0i2q2u5JPoVE75badgrFKkomdFavvmAkKgaJK', '', 'panitia', 'AD', 0, 0, '', '', 1, ''),
(160720034, 'Reynard Nathanael', 's160720034@student.ubaya.ac.id', '', '', '$2y$10$/1nzKyxgXDC.UFWs9fX05OC1K4VlfN8/7Tv2XsL9U.AWB0ckV3VSK', '', 'panitia', 'BPH', 0, 0, '', '', 1, ''),
(160720035, 'Reinaldo', 'S160720035@student.ubaya.ac.id', '', '', '$2y$10$cAKpYvR2WLIWGr1OdzvOAuHl4/g9pvMPf./GLdBwgIJZeGcVliFhS', '', 'panitia', 'MAPING', 22, 22, '', '', 1, ''),
(160721042, 'Jassica Maharani', 's160721042@student.ubaya.ac.id', '', '', '$2y$10$HHc4mix44xJZwrp42hhHsO83goBu6VsWNBqDKiXNFDEK4vOrnmO2G', '', 'panitia', 'AD', 0, 0, '', '', 1, ''),
(160721045, 'Muhammad Oktaryano Ramadhan', '', '', '', '$2y$10$glEDoZeoxmTvupQng/vxY./DCZ0beTKnH8LskJPmGFfusW6FKhxoG', '', 'panitia', 'AD', 0, 0, '', '', 1, ''),
(160721047, 'Stiven Suhendra', '', '', '', '$2y$10$BepSAhquklgPePiXbXUvj.kpii1T0GBjIwgxfLMV1zDm/pFzeEC1W', '', 'panitia', 'AD', 0, 0, '', '', 1, ''),
(160721056, 'Frederico Manuel', '', '', '', '$2y$10$bn3OUL0wNGRW/npS8hkFU.duUxhpPIVUZQvTK5qpCUh5OTe34Ey6y', '', 'maharu', '', 14, 19, '', '', 0, ''),
(160722001, 'Nathaniel Glenn Hanson', '', '', '', '$2y$10$uM2joRn5sEpW1dgsdMgt7.95H9BXj5QdDHQ6Ic5mw.DnTjIg.EgMy', '', 'maharu', '', 25, 20, '', '', 0, ''),
(160722002, 'Gabriela Zefanya Putri Rehatta', '', '', '', '$2y$10$jlv961n.h9tlWr4NhsvbiuxKZqUpjtMUQLqldNjW4OsJ2KNTdP7w6', '', 'maharu', '', 13, 19, '', '', 0, ''),
(160722005, 'Cindy Laurencia Dianella', '', '', '', '$2y$10$UHHVsrDvK8Qqbq5W2fq7yuoRKuakog449RKBbDO37WYib0pc/n5Pu', '', 'maharu', '', 25, 21, '', '', 0, ''),
(160722006, 'Luky Wilan Nathael', '', '', '', '$2y$10$530pVndP9O8GFyObxTctiezwSYLWl4UoGkx7MlLvfF.zx6dPIkAxK', '', 'maharu', '', 25, 22, '', '', 0, ''),
(160722007, 'Vincent', '', '', '', '$2y$10$CQvTi0qJ2dncGG/p9GTDZ.5PL64wfE9cn8TyAe/8H/FwhukekrBvC', '', 'maharu', '', 1, 21, '', '', 0, ''),
(160722008, 'Yosef Kornelius Byeta', '', '', '', '$2y$10$5oq816BgY2ArdeWCqiUAZetXNsmr0M1u3N.QvB2fiala9QN2bK5c2', '', 'maharu', '', 23, 20, '', '', 1, ''),
(160722009, 'Shevchenko Berlusconi', '', '', '', '$2y$10$PiFe.pxrEoJQwvgCxMHdb.ng2SuTftgaLu9DnREaJSrP1dB99mWq.', '', 'maharu', '', 21, 19, '', '', 1, ''),
(160722011, 'Nadya Eliana Angelia', '', '', '', '$2y$10$KlXUMOYZfvgjMuq3sl/kreZAwGBG0oNrjndPr9GfPTtr2mLBzotHq', '', 'maharu', '', 16, 20, '', '', 0, ''),
(160722013, 'Angela Jovita Handoko', '', '', '', '$2y$10$7QCUOLeLkBks4OjUvrVoNezfVBQOnA/Lat3jpL73/m7/q5RSoYJOq', '', 'maharu', '', 19, 22, '', '', 1, ''),
(160722015, 'George William Christian', '', '', '', '$2y$10$POSX2Kgj1fmv/aAK3nVtFO9UfEvaxxZCKG9iS5ptemMLxuG9BgRX2', '', 'maharu', '', 18, 19, '', '', 1, ''),
(160722016, 'Nico Ferrarel', '', '', '', '$2y$10$foI4b/CGPMOe/PUxpd4/Euvsxfq1WTk.2KmxJ8f/zokob7MzAKjp6', '', 'maharu', '', 25, 21, '', '', 0, ''),
(160722018, 'Deltrand Vinantha Sean Darmayasa', '', '', '', '$2y$10$48asS2yzzt.IlAxKF5rAQOlhdjnooTjpbXnqsSIx/54F8drvedjhG', '', 'maharu', '', 5, 22, '', '', 0, ''),
(160722019, 'Kelvien Fareska Hermanto', '', '', '', '$2y$10$Bw8Qtoyi6wgXHjzFx2JoiOZV27EBKmwzQV.MC5qJvNtb1eOc4SMfu', '', 'maharu', '', 24, 20, '', '', 0, ''),
(160722020, 'Kenny Salla', '', '', '', '$2y$10$a51Rq4iKxpMV.A4hJoBOiez2dmyl/g1xj53HZnHmQRu0vXzsbIM4K', '', 'maharu', '', 20, 19, '', '', 0, ''),
(160722021, 'Ferdinand Kusuma Sanjaya', '', '', '', '$2y$10$RpXTJT2hRqhj36Yf4bdIGOMv03OparZHJtoQCbvPDOKVm1lko44SC', '', 'maharu', '', 9, 22, '', '', 1, ''),
(160722022, 'Desbrient Jarau Lamuara', '', '', '', '$2y$10$nycqwNb2pldSgfMW/m5qZe/h0eVDs1zFfBMl1Uly6vCpEfxovLFfC', '', 'maharu', '', 17, 21, '', '', 0, ''),
(160722023, 'Muhammad Dzakiy', '', '', '', '$2y$10$0wJHxlkajoS23pnPetLC/ueJpTEMnM/hko0HbesGfYYO.XLNDPLNi', '', 'maharu', '', 6, 22, '', '', 1, ''),
(160722025, 'Malvin Sandi', '', '', '', '$2y$10$WUfyk6KeV0RAhCJX436n5O9utqjXZXYbEBL0U2qY.6TIpi4sEhQsK', '', 'maharu', '', 8, 20, '', '', 0, ''),
(160722026, 'Galih Rahwangga', '', '', '', '$2y$10$iycrZ1ce2OhVVY1MIT5ZeOMmS/Ffi6xd274s7BNK8QCaO36EgJbaq', '', 'maharu', '', 14, 19, '', '', 1, ''),
(160722027, 'Ersa Dicki Wahyu Putra Suroso', '', '', '', '$2y$10$6y5CyBhmHXBv36lpltm9HuiGhu0SgOK/xaJO1Rafpx09HkxIO9fg.', '', 'maharu', '', 24, 20, '', '', 0, ''),
(160722028, 'Irvan Adi Putro', '', '', '', '$2y$10$HDrE6SIMgJIRCB86VcICFehVxKtycT8bce4iFFONYokCwq1Dc7thO', '', 'maharu', '', 18, 21, '', '', 0, ''),
(160722029, 'Lucia Selyn Lasakar', '', '', '', '$2y$10$DmhjmpwXKWNpV4ej47QBU.xlm/bgFSjpxcDnbIW35jLnmgZRap7aG', '', 'maharu', '', 4, 19, '', '', 1, ''),
(160722030, 'Abdurrahman Syarif Assegaff', '', '', '', '$2y$10$QIy9GGMDjGrMAPSWDUkkXOASbWlp7TRECeFy3iQ4iToiGf.pOL25m', '', 'maharu', '', 12, 20, '', '', 1, ''),
(160722031, 'Utbah Tsaqif Fahnaza Muin', '', '', '', '$2y$10$KobxtlarXcrN6at0/Jkp9.6OV10UOYVSBxaWp.fwoTyl0V.MVSwga', '', 'maharu', '', 23, 21, '', '', 0, ''),
(160722032, 'Sebastian Hugo Arielton Manek', '', '', '', '$2y$10$JFPLVQ/W/2CfCqQ56.c0huTkYpZbtq7NUUpHXtakn/0GKb8Fk9.l.', '', 'maharu', '', 3, 22, '', '', 0, ''),
(160722034, 'Chavel Aiko Ratu', '', '', '', '$2y$10$ahyO0Ehfoneh.GJjTpI/NePyhC8pV.xdmwLmf.zfgkoHryeQBZkJu', '', 'maharu', '', 7, 20, '', '', 1, ''),
(160722035, 'Muhammad Avisena Al Taqy', '', '', '', '$2y$10$7PoJkTM.Y9tlmvQbtEchGeGutNIbncA18yvh3YGkiBIvACaxPG.Nq', '', 'maharu', '', 16, 19, '', '', 1, ''),
(160722036, 'Tjio, Jason Teja Kurnia', '', '', '', '$2y$10$PEZ0HUevnD1P30SS7VXMte9Vq6lIykyfi73fmXJAbB63V.gDVRaV2', '', 'maharu', '', 15, 21, '', '', 0, ''),
(160722038, 'Charles Nataniel', '', '', '', '$2y$10$Iv6PV/KAAMZF6u89Sknz3eqhtcgj1Zjtul59Cm89kpPdGNit6lFsq', '', 'maharu', '', 8, 22, '', '', 0, ''),
(160722039, 'Alfor Jeris Susanto', '', '', '', '$2y$10$qI.z7XYni8aRTqFdvsFg1.xraJE9m0dR3avvsp9GIJOxaxoVCaCs2', '', 'maharu', '', 2, 21, '', '', 0, ''),
(160722040, 'Hizkia Nugroho Oktavian Adi Pamungkas', '', '', '', '$2y$10$3ujoSBjSkYy/mz5IMQ2pK.yvsPUDd6SNa4XpdQkVlZnnWtIoy57BO', '', 'maharu', '', 19, 19, '', '', 0, ''),
(160722041, 'Almo Josant Meilano', '', '', '', '$2y$10$EBehgUTANP4DnFPj0rQOXeq6A3fDcoMRwq4j3jpK9PWc/xyQ7PGzy', '', 'maharu', '', 11, 20, '', '', 1, ''),
(160722042, 'Safira Rahmaditha', '', '', '', '$2y$10$ga7qPQpCdMDwrWw0HhQISuLAKDEdxzviiqkatTP12aAn.TXMb5zBq', '', 'maharu', '', 6, 21, '', '', 1, ''),
(160722043, 'Rayyan Dwi Nugraha', '', '', '', '$2y$10$JyFLrTrBGc9Ox2irkXIUmOnuQmwrv/sJkVeiX3HIZy8eMRkLkRm/G', '', 'maharu', '', 10, 20, '', '', 1, ''),
(160722044, 'Natasya Aulia Kristya Regita', 'natasyaakr@gmail.com', 'natasyaauliaregita', '082244226554', '$2y$10$oLLV6teqn6jJa4Bvd9yxheEzK86.rQbwZxzoLZ0zu3mF3O5sOZUFK', '', 'maharu', '', 12, 22, 'Natasya.auliiaa', 'SMA NEGERI 2 SURABAYA', 1, ''),
(160722045, 'I Made Krishna Dewangga Putra', '', '', '', '$2y$10$DYelrILz1ffef6g.RG5/sexC5NK0S7ygEBffutWTDt/6U0IKBVTum', '', 'maharu', '', 4, 21, '', '', 0, ''),
(160722047, 'Gregorius Rangga Putra Nalendra', '', '', '', '$2y$10$RXGS2Q3jK/rMP6xXd5Zmp.CtP7J3pDmjP6irt0Zq9DfQmyTZ4Ft/a', '', 'maharu', '', 7, 22, '', '', 0, ''),
(160722048, 'Andrew Benizi Lay Nadeak', '', '', '', '$2y$10$w7uvHN0RbUV6ILuQH/9ZZ.LWe4MqbaVWghPNymFt4z3EVVsYwWlGK', '', 'maharu', '', 13, 19, '', '', 0, ''),
(160822001, 'Sean Andrew Ristyaputra', '', '', '', '$2y$10$A8tDmfMmVdVembxEepJcA.vDu8lkvCXxVsd4oQ8bUtXfoHDg5KQLO', '', 'maharu', '', 3, 22, '', '', 1, ''),
(160822002, 'Jason Alexander Chong', '', '', '', '$2y$10$UMo7UfYjXk3xu70IQFJ.LeE22Tu2L553URA7ySnqwcud8W4QMV0i.', '', 'maharu', '', 23, 19, '', '', 1, ''),
(160822003, 'Arvin Octavianus Tantoyo', '', '', '', '$2y$10$SWwmytAlLIwbO05cxZ7sK./umP9Re45o234gegB0ArXJQG2Kh/DwW', '', 'maharu', '', 12, 21, '', '', 0, ''),
(160822004, 'Zefanya Anastasia', '', '', '', '$2y$10$h5a3dvi9PgiPQa/zZl2Gcu8dX9ddbaRAeymSD81Kg6gSzRiA4N1Pu', '', 'maharu', '', 1, 19, '', '', 1, ''),
(160822005, 'Alexander Alviandro Chandra Jaya', '', '', '', '$2y$10$XJsJwl2aG4W7LXzyF.ed8ueZL.nVEUl0ouUVTew8q6zWVGLEiyQzy', '', 'maharu', '', 21, 20, '', '', 0, ''),
(160822006, 'Pedro Hariyono', '', '', '', '$2y$10$i/NSVJSHysJONYxOu4lWB.LH/qCWoLc20tmiyRB7RLa2vDK8Lfr32', '', 'maharu', '', 9, 22, '', '', 1, ''),
(160822008, 'Michelle Angelina', '', '', '', '$2y$10$96/omKsM7ahRZyruT/sJ4uPfhamCvrVfHitg854wI2v0rRj5XB0lm', '', 'maharu', '', 22, 20, '', '', 1, ''),
(160822009, 'Eugenia Caitlyn Cristabella', '', '', '', '$2y$10$3jS2qLt2n9jWeosFPE0g1exHIOEQd2SrRSlke3CbNM4P9qELhWHUO', '', 'maharu', '', 24, 21, '', '', 1, ''),
(160822010, 'Muhammad Arif Hidayat', '', '', '', '$2y$10$OjMXG9hAYYgcvI87y5erMOCZlXb78ifF3e5ozfabppAV5JhdQ0j7i', '', 'maharu', '', 6, 22, '', '', 0, ''),
(160822011, 'Michael Louis Wibisono', '', '', '', '$2y$10$nkJA/4zYSnUzOiJE.DzR9ev1YfGDeOEWKd9h7fFF4ySGV2pZorCOW', '', 'maharu', '', 15, 20, '', '', 1, ''),
(160822012, 'Frederik Axel Deanovan', '', '', '', '$2y$10$f93JJb8t/.q9eQ1sZgOmAedUTGx1d9ZE8bSoEcihTCGFVH1ImEkEW', '', 'maharu', '', 8, 21, '', '', 0, ''),
(160822013, 'Catherine Christina Tjahyadi', '', '', '', '$2y$10$c6vEVDOCN9LKdWHmHXCRme.3d/wZbuK/CsPSBBtjrFx12L7Tt5PG2', '', 'maharu', '', 10, 22, '', '', 0, ''),
(160822014, 'Bong, Daniel William', '', '', '', '$2y$10$fyX7HKKKDhn5EP1Rcydgk.ZDr2jH.6ydJoEkLqt21WBPs8pK/iude', '', 'maharu', '', 18, 19, '', '', 0, ''),
(160822015, 'Intifadha Harja Pamengkas', '', '', '', '$2y$10$AGD6Y2TYuE52vLXUCLdjZeVv5uVg35ZXaRLb19ipjoUcQgZU9.j/i', '', 'maharu', '', 16, 21, '', '', 0, ''),
(160822016, 'Jonathan Febrian Saputra', '', '', '', '$2y$10$m9rmsTqdPfgb39m8DrRIcO8Wi7hQG7JV0HCRF2mgylWOBAmfZovyi', '', 'maharu', '', 13, 22, '', '', 0, ''),
(160822017, 'Joshua Jovan Natanael', 'joshuajovannatanael@gmail.com', 'joshuajovannatanael', '081326777257', '$2y$10$axe/iSPX8FG5RSoxW/7Qne6IObyzxbkfWV850HYtRTvC.47NioxgK', '', 'maharu', '', 5, 20, 'joshua_jovan_natanael', 'SMA Kristen Petra 5', 1, ''),
(160822018, 'Maulana Anwar Alfaruq', '', '', '', '$2y$10$OCTfPsxKFnKbzHZSf2ShIO0lJEMz/RUjJOftXE/YmdnPkAmay2oyC', '', 'maharu', '', 17, 19, '', '', 0, ''),
(160822019, 'Muhammad Ibnu Jabar', '', '', '', '$2y$10$XoEHIhBVxSlMrTsWG7x8j.tLZETikHTvlHyNq8YsIzUODNy2xfcYm', '', 'maharu', '', 20, 22, '', '', 1, ''),
(160822020, 'Rio Tri Prasetya', '', '', '', '$2y$10$0zDa7yQ0IPx6Yi8svFJWj.swwGfM6zaFm.BVAgVd3HafeQYEjak2O', '', 'maharu', '', 4, 21, '', '', 0, ''),
(160822021, 'Satria Budi Dwi Fandhika', '', '', '', '$2y$10$dEUl6Boge14YxDlanEyvs./xpVwblIJL8prtDXGuLxdrDGsmw6pk.', '', 'maharu', '', 2, 19, '', '', 1, ''),
(160822022, 'R. Robby Akira Wardana', '', '', '', '$2y$10$84AQtyaaUxC9R647OOkOXu/eUQvhh.j5P4fehvm.pe1JfW1YsZN6e', '', 'maharu', '', 14, 20, '', '', 1, ''),
(160822023, 'R. Ng. Arya Bagas Pamungkas', '', '', '', '$2y$10$cxftzZBz2NbTEDOuzK3WJupmF.zbIEPl4ZFD0ax6Xnhv9bD9nYzT2', '', 'maharu', '', 11, 22, '', '', 1, ''),
(160822024, 'Muhammad Royyan Aulabih', '', '', '', '$2y$10$DsrW4pDZ2ZxHvNmHDEApQuU7XZEeekM9YOyFo8AxybZEvShoOjO6i', '', 'maharu', '', 19, 21, '', '', 0, ''),
(160822025, 'Vario Christian Ghaneza Ibo', '', '', '', '$2y$10$ZYHVsey3lX2uKDwMl4iSwOfPCSj5CC43kEccQeq9GxGpWMMlKCRoK', '', 'maharu', '', 7, 20, '', '', 0, ''),
(160822026, 'Syd. Muhammad Hamzah Cherid', '', '', '', '$2y$10$JB97btMSzAAFOUBl5X9TzOa77Jl8D4o2XHMU3BKXtw98V4MZsFvwe', '', 'maharu', '', 22, 19, '', '', 1, ''),
(160822027, 'Nabila Nur Maajida', '', '', '', '$2y$10$g5in7cRNwstr8qJoTspvbud47UiQuwn/0e6bKLdgQcQlG1YVkgiAm', '', 'maharu', '', 9, 20, '', '', 0, ''),
(160822028, 'Farida Angraini', '', '', '', '$2y$10$mA7o8RfLcvDdX0GzssgLregLMiswFoOvR4sI2yPir3v7wXHGLil1S', '', 'maharu', '', 15, 21, '', '', 0, ''),
(160822900, 'Zhafiera Balqisya Hidayat', '', '', '', '$2y$10$EekA1nVSb4dOQmKkarR.3uDbKpoqV4CNvHQmh1CXAnz.VYa9/kABC', '', 'maharu', '', 11, 19, '', '', 1, ''),
(160920007, 'Gabriel Darma Prasetya Agisucida', 's160920007@student.ubaya.ac.id', '', '', '$2y$10$vnC7KeS/BM9J4DNSiuk4m.9z01okkmAgP6F0Wp5iWV2CllqtNK7rG', '', 'panitia', 'MAPING', 23, 23, '', '', 1, ''),
(160922001, 'Anthonius Evan', '', '', '', '$2y$10$1YuCpuHPnAWrl8SlSMilJeXXee7UTkYGqPRj9JlJXW9ny5f212i0K', '', 'maharu', '', 14, 23, '', '', 0, ''),
(160922006, 'Vilen Alycia Holly', '', '', '', '$2y$10$2QxLipbwnQf4VWH3qzGtc.pg2Xag0lzUzwpQjwCd6UvEkmUvSCZ3u', '', 'maharu', '', 5, 23, '', '', 0, ''),
(160922008, 'Aras Rizky Ananta', '', '', '', '$2y$10$25ScK1U1AtAbdK5Y3So3du0zjCqJcGnpZ1ADAqTDRmTGEQYH9P/WG', '', 'maharu', '', 16, 23, '', '', 0, ''),
(160922009, 'Jacinta Syilloam', '', '', '', '$2y$10$2MCDmDiOU56TAbzSCw5Yd.z5Uhd7jV4nFx756Dsr8a6ssz.aJX2M6', '', 'maharu', '', 21, 23, '', '', 0, ''),
(160922010, 'Rafli Athallah Pinandito', '', '', '', '$2y$10$o09HFSvCaIlpt75cb/jycubLIXfS8rg2aNq5Y374ZErc6FkM6cnnu', '', 'maharu', '', 3, 23, '', '', 0, ''),
(160922011, 'Marcella Ratna Dewanti Tanujaya', '', '', '', '$2y$10$43upRPzQK5r2s7wNSw7YButHNA3jTmgt9NmMKtpke2ee5jBhnZHh6', '', 'maharu', '', 9, 23, '', '', 1, ''),
(160922014, 'Kevin Joan Putra Tanjung', '', '', '', '$2y$10$QiXBOulJBmF0bH.X.XL93evve.AN7fuck7ZGRmzwXwFf04gTvP8HO', '', 'maharu', '', 1, 23, '', '', 1, ''),
(160922015, 'Nadila Yuliati Matulessy', '', '', '', '$2y$10$CxjAr9uoHRvPfjT3cjP0TOtY2bjWn3jyiOFn4bBHQi46hYzxC/JU6', '', 'maharu', '', 2, 23, '', '', 0, ''),
(161020007, 'Timotius William Anggawirawan', 's161020007@student.ubaya.ac.id', '', '', '$2y$10$ly2ewJ/nlGgasUz7NJfIp.nnnBFea1z3V5Npju1E7e4r2n3kHm3lm', '', 'panitia', 'MAPING', 24, 24, '', '', 1, ''),
(161021019, 'Septianus Yudha Pratama', '', '', '', '$2y$10$wbcuMYDN4ozLEqODoEV5q.G.dCBda6M21w8EHW3S89fE1UjdpeL7S', '', 'maharu', '', 12, 25, '', '', 0, ''),
(161022001, 'Angeline Arista', '', '', '', '$2y$10$9fQ5BkkCiJ8a1q.xFCn9D.fL5McjkzDwmkNaqSe7XBK43rL.Sr0kW', '', 'maharu', '', 3, 24, '', '', 1, ''),
(161022002, 'Michael Anthony', '', '', '', '$2y$10$7jLXLQj939VFBNR9jPlWA.aBzubQCPcmg5A8P25TRKGzCY/v4i5YS', '', 'maharu', '', 23, 25, '', '', 0, ''),
(161022004, 'Sachio Wiratama', '', '', '', '$2y$10$TEXWmXplMZxf0D15HHoK1OHCW7wR8dMLDUSO/duuqj5YaKVzp2msq', '', 'maharu', '', 4, 24, '', '', 1, ''),
(161022005, 'Aaron Juan Pradana', '', '', '', '$2y$10$bkz2aRQVCEHzSRCMHAAzKulED4spF94rOR4zf7sDFTemC6CjjM6h2', '', 'maharu', '', 19, 24, '', '', 1, ''),
(161022006, 'Dimas Damar Rafif', '', '', '', '$2y$10$F5K0CDjRvdqB3r9FZi6AQ.AzgeCAR34/N3zsnzjWscKi9R2vcHznC', '', 'maharu', '', 2, 25, '', '', 1, ''),
(161022007, 'Paulus Adi Cahyono', '', '', '', '$2y$10$jQAK1FMFdHkhKRmTcWgDheETwjOztbD3Q9ucwGyEbZX1EsmuAijHy', '', 'maharu', '', 1, 24, '', '', 0, ''),
(161022008, 'Yudi Crismanto', '', '', '', '$2y$10$o2VkDiEAlzSCjlO5X/buIesvICuD6kAKcmnAlp901unz.9gW4chCe', '', 'maharu', '', 10, 25, '', '', 0, ''),
(161022010, 'Windi Riski Anita', '', '', '', '$2y$10$AJX1D13RwEfU2OZzOWSA4.UbwGgOSIWR9EHPDd3mMpqC34pjHz6OS', '', 'maharu', '', 14, 24, '', '', 1, ''),
(161022011, 'Christoforus Rafael', '', '', '', '$2y$10$ac.95Neejyrw9DC9OA.3teH44pmgIe5We1UyK3aFxfz3zgb/lK5wi', '', 'maharu', '', 6, 24, '', '', 0, ''),
(161022012, 'Bernardus Abel Dharma Pratyomurpita', '', '', '', '$2y$10$w2w0QLjhOfie0eHVMYVoj.elZlh/fjVUYUP/mqjmyv2EDHnJV8om.', '', 'maharu', '', 18, 25, '', '', 1, ''),
(161022013, 'Juliant Chundhana', '', '', '', '$2y$10$cxpFiQ9DS6J8dNEXW9aKZOrdmB1GGYyf4TjYrevxTUTDXZDiQlOum', '', 'maharu', '', 7, 24, '', '', 0, ''),
(161022014, 'Jonathan Pratama Tanaya Prasetyo', '', '', '', '$2y$10$aazRfRIyKfsF7hfEwLQUqeEL0xg5aCVOUjx/Jx7tZweIDBc8PtuKO', '', 'maharu', '', 11, 24, '', '', 0, ''),
(161022015, 'Putri Rahmadonna Priciela', '', '', '', '$2y$10$YCapQkCah7uiipeEavqzBulSX50x7bLLtLpcfccNGKkjp4oludvIS', '', 'maharu', '', 8, 24, '', '', 0, ''),
(161022016, 'Bayu Samudra Surya', '', '', '', '$2y$10$KZpXV.hd4UiyLoUse.svfO0NOW018g/TAt/KwGh5prSYsqsnzeZf6', '', 'maharu', '', 20, 24, '', '', 0, ''),
(161022017, 'Muhammad Alif Raharja', '', '', '', '$2y$10$8kJ4EXTmsXla2aSPCZhpc.iIbHC/vblf6BwhmgQveJUBqmlRhJqLq', '', 'maharu', '', 15, 25, '', '', 1, ''),
(161022018, 'Muhammad Rizal Ramzy Firmansyah', '', '', '', '$2y$10$SjxcDbussRexVCNSEHzeEOL9CdNS4zQnuHmfnoNkzuiptGWou08VK', '', 'maharu', '', 17, 24, '', '', 1, ''),
(161022019, 'Mario Yudatama Arianto', '', '', '', '$2y$10$ogVGgGbv/XM1V.JfFd./w.s1wnG/IhjHCjXpN749wVACsY7EaEQqq', '', 'maharu', '', 21, 24, '', '', 0, ''),
(161022021, 'Muhammad Azra Syahrazi Permadi', '', '', '', '$2y$10$rp8blt3lYN6YxqBbrkqWvOYONWxKmvXV9CPcxmYjcCWLOMz9.mxMq', '', 'maharu', '', 5, 25, '', '', 1, ''),
(161022022, 'Novhanda Hasan Putra', '', '', '', '$2y$10$bxaJeJNnyn2Q6SuugAQz4eVW/.Bu9PLih1kBkFGl9y/hJVIpzU7ym', '', 'maharu', '', 22, 24, '', '', 0, ''),
(161022023, 'Muhamad Aziz Rico Syahputra', '', '', '', '$2y$10$JnJb4wuumpyoRt42zaRCMuRRiKEPcEzea2b/V0qY56/cFidye1wku', '', 'maharu', '', 13, 24, '', '', 0, ''),
(161022024, 'Enrico Gianntony', '', '', '', '$2y$10$4OhOYDwmmAa4nQnB9BCO1eCgDs1LXJTrONCBUa0.iJI70RTWlYztC', '', 'maharu', '', 9, 25, '', '', 0, ''),
(161022025, 'Eric Irfandi Yoga Sucipto', '', '', '', '$2y$10$4HGExQJy1WgdktY0nOEvqe5OsVSAj8VwfAKjHg3l3ludcOlswftQC', '', 'maharu', '', 16, 24, '', '', 0, '');

-- --------------------------------------------------------

--
-- Struktur dari tabel `user_pelanggarans`
--

CREATE TABLE `user_pelanggarans` (
  `idrekap` int(11) NOT NULL,
  `idpelanggaran` int(11) NOT NULL,
  `users_nrp` bigint(20) UNSIGNED NOT NULL,
  `tanggal` varchar(45) DEFAULT NULL,
  `keterangan` longtext DEFAULT NULL,
  `bukti` longtext DEFAULT NULL
) ENGINE=InnoDB DEFAULT CHARSET=utf8;

--
-- Dumping data untuk tabel `user_pelanggarans`
--

INSERT INTO `user_pelanggarans` (`idrekap`, `idpelanggaran`, `users_nrp`, `tanggal`, `keterangan`, `bukti`) VALUES
(5, 9, 160822900, '2022-08-22', NULL, NULL),
(6, 36, 160422004, '2022-08-22', NULL, NULL),
(8, 8, 160422052, '2022-08-22', NULL, NULL),
(9, 8, 160422111, '2022-08-22', NULL, NULL),
(10, 8, 160422106, '2022-08-22', NULL, NULL),
(12, 9, 161022002, '2022-08-22', NULL, NULL),
(13, 9, 160122030, '2022-08-22', NULL, NULL),
(15, 8, 160422135, '2022-08-22', NULL, NULL),
(16, 9, 160122008, '2022-08-22', 'Tidak membawa KTM (Ketinggalan)', NULL),
(17, 8, 160422048, '2022-08-22', 'Tidak membawa clipboard', NULL),
(19, 16, 160422071, '2022-08-22', NULL, NULL),
(20, 8, 160422042, '2022-08-22', 'Hanya membawa 1 macam jajanan pasar', NULL),
(22, 8, 160422121, '2022-08-22', 'Tidak membawa Powerbank', NULL),
(23, 8, 160722018, '2022-08-22', NULL, NULL),
(24, 8, 160822013, '2022-08-22', NULL, NULL),
(27, 8, 161022025, '2022-08-22', NULL, NULL),
(29, 8, 161022021, '2022-08-22', NULL, NULL),
(34, 8, 160422167, '2022-08-22', 'Tidak membawa nasi bungkus (menggunakan tepak makan)', NULL),
(36, 8, 160422057, '2022-08-22', NULL, NULL),
(37, 8, 160422071, '2022-08-22', NULL, NULL),
(39, 8, 160422038, '2022-08-22', NULL, NULL),
(40, 8, 161022005, '2022-08-22', NULL, NULL),
(41, 8, 161022007, '2022-08-22', NULL, NULL),
(42, 8, 161022014, '2022-08-22', NULL, NULL),
(43, 8, 161022015, '2022-08-22', NULL, NULL),
(46, 8, 161022006, '2022-08-22', NULL, NULL),
(47, 8, 160422089, '2022-08-22', NULL, NULL),
(48, 8, 160422108, '2022-08-22', NULL, NULL),
(49, 8, 160422142, '2022-08-22', NULL, NULL),
(50, 8, 160422050, '2022-08-22', NULL, NULL),
(51, 8, 160422131, '2022-08-22', NULL, NULL),
(52, 8, 160422159, '2022-08-22', NULL, NULL),
(56, 8, 160422139, '2022-08-22', NULL, NULL),
(57, 12, 160422019, '2022-08-22', NULL, NULL),
(58, 27, 161022021, '2022-08-22', NULL, NULL),
(59, 36, 160322014, '2022-08-22', NULL, NULL),
(60, 12, 160722036, '2022-08-22', NULL, NULL),
(61, 12, 160722007, '2022-08-22', NULL, NULL),
(62, 12, 160722043, '2022-08-22', NULL, NULL),
(63, 25, 160222002, '2022-08-22', NULL, NULL),
(64, 25, 160122033, '2022-08-22', NULL, NULL),
(65, 25, 160222016, '2022-08-22', NULL, NULL),
(67, 25, 160422162, '2022-08-23', NULL, NULL),
(68, 25, 160422156, '2022-08-23', NULL, NULL),
(69, 25, 160422163, '2022-08-23', NULL, NULL),
(70, 25, 160422159, '2022-08-23', NULL, NULL),
(71, 25, 160422030, '2022-08-23', NULL, NULL),
(72, 25, 160422104, '2022-08-23', NULL, NULL),
(73, 25, 161022010, '2022-08-23', NULL, NULL),
(74, 25, 160422107, '2022-08-23', NULL, NULL),
(76, 15, 160222020, '2022-08-23', NULL, NULL),
(77, 15, 160122001, '2022-08-23', NULL, NULL),
(78, 15, 160322035, '2022-08-23', NULL, NULL),
(79, 15, 160322077, '2022-08-23', NULL, NULL),
(80, 15, 160322020, '2022-08-23', NULL, NULL),
(81, 36, 160422147, '2022-08-23', 'Baju tidak berkerah', NULL),
(82, 15, 160422067, '2022-08-23', NULL, NULL),
(83, 8, 161022024, '2022-08-23', 'Tidak membawa botol minum', NULL),
(84, 15, 161022025, '2022-08-23', NULL, NULL),
(85, 15, 161022024, '2022-08-23', NULL, NULL),
(86, 15, 160422115, '2022-08-23', NULL, NULL),
(87, 15, 161022015, '2022-08-23', NULL, NULL),
(88, 15, 160422042, '2022-08-23', NULL, NULL),
(89, 8, 160422028, '2022-08-23', NULL, NULL),
(90, 36, 160422112, '2022-08-23', 'Baju tidak putih', NULL),
(91, 25, 160422172, '2022-08-23', NULL, NULL),
(92, 15, 160222022, '2022-08-23', NULL, NULL),
(93, 15, 160422075, '2022-08-23', NULL, NULL),
(94, 15, 160422137, '2022-08-23', NULL, NULL),
(95, 15, 160222011, '2022-08-23', NULL, NULL),
(96, 15, 160422095, '2022-08-23', NULL, NULL),
(97, 4, 160422147, '2022-08-23', NULL, NULL),
(98, 15, 160322076, '2022-08-23', NULL, NULL),
(99, 15, 160422162, '2022-08-23', NULL, NULL),
(100, 15, 160722006, '2022-08-23', NULL, NULL),
(101, 15, 160122033, '2022-08-23', NULL, NULL),
(102, 15, 161021019, '2022-08-23', NULL, NULL),
(103, 4, 160322063, '2022-08-23', NULL, NULL),
(104, 15, 160122028, '2022-08-23', NULL, NULL),
(105, 15, 160422025, '2022-08-23', NULL, NULL),
(106, 4, 160422002, '2022-08-23', NULL, NULL),
(107, 4, 160722041, '2022-08-23', NULL, NULL),
(108, 15, 160422073, '2022-08-23', NULL, NULL),
(109, 4, 160420132, '2022-08-23', NULL, NULL),
(110, 4, 160822020, '2022-08-23', NULL, NULL),
(111, 27, 160422030, '2022-08-23', NULL, NULL),
(112, 27, 161022002, '2022-08-23', NULL, NULL),
(113, 4, 161022021, '2022-08-23', NULL, NULL),
(114, 4, 160422112, '2022-08-23', NULL, NULL),
(115, 15, 160422118, '2022-08-23', NULL, NULL),
(116, 5, 161022018, '2022-08-23', NULL, NULL),
(117, 5, 160422132, '2022-08-23', NULL, NULL),
(118, 27, 160422118, '2022-08-23', NULL, NULL),
(119, 5, 160322044, '2022-08-23', NULL, NULL),
(120, 15, 160122005, '2022-08-23', NULL, NULL),
(121, 5, 160122027, '2022-08-23', NULL, NULL),
(122, 15, 160422017, '2022-08-23', NULL, NULL),
(123, 5, 160322080, '2022-08-23', NULL, NULL),
(124, 6, 160422046, '2022-08-23', NULL, NULL),
(125, 15, 160422084, '2022-08-23', NULL, NULL),
(126, 15, 160422028, '2022-08-23', NULL, NULL),
(127, 15, 160422132, '2022-08-23', NULL, NULL),
(128, 17, 160421148, '2022-08-23', NULL, NULL),
(129, 36, 160422100, '2022-08-23', NULL, NULL),
(130, 36, 160422089, '2022-08-23', NULL, NULL),
(131, 36, 160422140, '2022-08-23', NULL, NULL),
(138, 4, 161022022, '2022-08-23', NULL, NULL),
(139, 4, 160422081, '2022-08-23', NULL, NULL),
(140, 4, 160322009, '2022-08-23', NULL, NULL),
(141, 4, 160322046, '2022-08-23', NULL, NULL),
(142, 4, 160422156, '2022-08-23', NULL, NULL),
(143, 4, 160722009, '2022-08-23', NULL, NULL),
(144, 4, 160722045, '2022-08-23', NULL, NULL),
(145, 4, 160422084, '2022-08-23', NULL, NULL),
(146, 4, 160422066, '2022-08-23', NULL, NULL),
(147, 4, 160722007, '2022-08-23', NULL, NULL),
(148, 4, 160321076, '2022-08-23', NULL, NULL),
(149, 4, 160322067, '2022-08-23', NULL, NULL),
(150, 5, 160422028, '2022-08-23', NULL, NULL),
(151, 5, 160422159, '2022-08-23', NULL, NULL),
(152, 5, 160322016, '2022-08-23', NULL, NULL),
(153, 5, 160722040, '2022-08-23', NULL, NULL),
(154, 5, 160422083, '2022-08-23', NULL, NULL),
(155, 5, 160722030, '2022-08-23', NULL, NULL),
(156, 5, 160122023, '2022-08-23', NULL, NULL),
(157, 36, 160122023, '2022-08-23', NULL, NULL),
(158, 36, 160122029, '2022-08-23', NULL, NULL),
(159, 4, 161022018, '2022-08-23', NULL, NULL),
(160, 8, 160322080, '2022-08-23', NULL, NULL),
(161, 8, 160422046, '2022-08-23', NULL, NULL);

--
-- Indexes for dumped tables
--

--
-- Indeks untuk tabel `aktifitas_rc`
--
ALTER TABLE `aktifitas_rc`
  ADD PRIMARY KEY (`id`);

--
-- Indeks untuk tabel `alpha`
--
ALTER TABLE `alpha`
  ADD PRIMARY KEY (`idalpha`);

--
-- Indeks untuk tabel `ambil_rc`
--
ALTER TABLE `ambil_rc`
  ADD PRIMARY KEY (`rc_idrc`,`users_nrp`),
  ADD KEY `fk_rc_cabang_has_users_users1_idx` (`users_nrp`),
  ADD KEY `fk_rc_cabang_has_users_rc_cabang_idx` (`rc_idrc`);

--
-- Indeks untuk tabel `daftar_petuah`
--
ALTER TABLE `daftar_petuah`
  ADD PRIMARY KEY (`idalpha`,`idpetuah`),
  ADD KEY `fk_alpha_has_petuah_petuah1_idx` (`idpetuah`),
  ADD KEY `fk_alpha_has_petuah_alpha1_idx` (`idalpha`);

--
-- Indeks untuk tabel `failed_jobs`
--
ALTER TABLE `failed_jobs`
  ADD PRIMARY KEY (`id`);

--
-- Indeks untuk tabel `kendala_maharu`
--
ALTER TABLE `kendala_maharu`
  ADD PRIMARY KEY (`idkendala`),
  ADD KEY `fk_kendala_maharu_users1_idx` (`nrp`);

--
-- Indeks untuk tabel `list_pengumuman`
--
ALTER TABLE `list_pengumuman`
  ADD PRIMARY KEY (`idpengumuman`);

--
-- Indeks untuk tabel `messages`
--
ALTER TABLE `messages`
  ADD PRIMARY KEY (`id`);

--
-- Indeks untuk tabel `migrations`
--
ALTER TABLE `migrations`
  ADD PRIMARY KEY (`id`);

--
-- Indeks untuk tabel `password_resets`
--
ALTER TABLE `password_resets`
  ADD KEY `password_resets_email_index` (`email`);

--
-- Indeks untuk tabel `pelanggarans`
--
ALTER TABLE `pelanggarans`
  ADD PRIMARY KEY (`idpelanggaran`);

--
-- Indeks untuk tabel `perkenalan_jurusan`
--
ALTER TABLE `perkenalan_jurusan`
  ADD PRIMARY KEY (`id`);

--
-- Indeks untuk tabel `petuah`
--
ALTER TABLE `petuah`
  ADD PRIMARY KEY (`idpetuah`);

--
-- Indeks untuk tabel `presensis`
--
ALTER TABLE `presensis`
  ADD PRIMARY KEY (`idpresensi`);

--
-- Indeks untuk tabel `rc_cabang`
--
ALTER TABLE `rc_cabang`
  ADD PRIMARY KEY (`idrc`),
  ADD KEY `fk_rc_cabang_users1_idx` (`nrp_koor`);

--
-- Indeks untuk tabel `rc_syaratketentuan`
--
ALTER TABLE `rc_syaratketentuan`
  ADD PRIMARY KEY (`id_sk`),
  ADD KEY `fk_rc_syaratketentuan_rc_cabang1_idx` (`idrc`);

--
-- Indeks untuk tabel `rekap_presensis`
--
ALTER TABLE `rekap_presensis`
  ADD PRIMARY KEY (`nrp`,`idpresensi`),
  ADD KEY `fk_users_has_presensi_presensi1_idx` (`idpresensi`),
  ADD KEY `fk_users_has_presensi_users1_idx` (`nrp`);

--
-- Indeks untuk tabel `rundowns`
--
ALTER TABLE `rundowns`
  ADD PRIMARY KEY (`idrundown`);

--
-- Indeks untuk tabel `users`
--
ALTER TABLE `users`
  ADD PRIMARY KEY (`nrp`) USING BTREE;

--
-- Indeks untuk tabel `user_pelanggarans`
--
ALTER TABLE `user_pelanggarans`
  ADD PRIMARY KEY (`idrekap`,`idpelanggaran`,`users_nrp`),
  ADD KEY `fk_pelanggaran_has_users_users1_idx` (`users_nrp`),
  ADD KEY `fk_pelanggaran_has_users_pelanggaran1_idx` (`idpelanggaran`);

--
-- AUTO_INCREMENT untuk tabel yang dibuang
--

--
-- AUTO_INCREMENT untuk tabel `aktifitas_rc`
--
ALTER TABLE `aktifitas_rc`
  MODIFY `id` int(11) NOT NULL AUTO_INCREMENT;

--
-- AUTO_INCREMENT untuk tabel `alpha`
--
ALTER TABLE `alpha`
  MODIFY `idalpha` int(11) NOT NULL AUTO_INCREMENT, AUTO_INCREMENT=26;

--
-- AUTO_INCREMENT untuk tabel `ambil_rc`
--
ALTER TABLE `ambil_rc`
  MODIFY `rc_idrc` int(11) NOT NULL AUTO_INCREMENT;

--
-- AUTO_INCREMENT untuk tabel `failed_jobs`
--
ALTER TABLE `failed_jobs`
  MODIFY `id` bigint(20) UNSIGNED NOT NULL AUTO_INCREMENT;

--
-- AUTO_INCREMENT untuk tabel `kendala_maharu`
--
ALTER TABLE `kendala_maharu`
  MODIFY `idkendala` int(11) NOT NULL AUTO_INCREMENT;

--
-- AUTO_INCREMENT untuk tabel `list_pengumuman`
--
ALTER TABLE `list_pengumuman`
  MODIFY `idpengumuman` int(11) NOT NULL AUTO_INCREMENT, AUTO_INCREMENT=7;

--
-- AUTO_INCREMENT untuk tabel `messages`
--
ALTER TABLE `messages`
  MODIFY `id` bigint(20) UNSIGNED NOT NULL AUTO_INCREMENT, AUTO_INCREMENT=4;

--
-- AUTO_INCREMENT untuk tabel `migrations`
--
ALTER TABLE `migrations`
  MODIFY `id` int(10) UNSIGNED NOT NULL AUTO_INCREMENT, AUTO_INCREMENT=5;

--
-- AUTO_INCREMENT untuk tabel `pelanggarans`
--
ALTER TABLE `pelanggarans`
  MODIFY `idpelanggaran` int(11) NOT NULL AUTO_INCREMENT, AUTO_INCREMENT=37;

--
-- AUTO_INCREMENT untuk tabel `perkenalan_jurusan`
--
ALTER TABLE `perkenalan_jurusan`
  MODIFY `id` int(11) NOT NULL AUTO_INCREMENT;

--
-- AUTO_INCREMENT untuk tabel `petuah`
--
ALTER TABLE `petuah`
  MODIFY `idpetuah` int(11) NOT NULL AUTO_INCREMENT;

--
-- AUTO_INCREMENT untuk tabel `presensis`
--
ALTER TABLE `presensis`
  MODIFY `idpresensi` int(11) NOT NULL AUTO_INCREMENT, AUTO_INCREMENT=5;

--
-- AUTO_INCREMENT untuk tabel `rc_cabang`
--
ALTER TABLE `rc_cabang`
  MODIFY `idrc` int(11) NOT NULL AUTO_INCREMENT;

--
-- AUTO_INCREMENT untuk tabel `rc_syaratketentuan`
--
ALTER TABLE `rc_syaratketentuan`
  MODIFY `id_sk` int(11) NOT NULL AUTO_INCREMENT;

--
-- AUTO_INCREMENT untuk tabel `rekap_presensis`
--
ALTER TABLE `rekap_presensis`
  MODIFY `nrp` bigint(20) UNSIGNED NOT NULL AUTO_INCREMENT, AUTO_INCREMENT=161022026;

--
-- AUTO_INCREMENT untuk tabel `rundowns`
--
ALTER TABLE `rundowns`
  MODIFY `idrundown` int(11) NOT NULL AUTO_INCREMENT;

--
-- AUTO_INCREMENT untuk tabel `users`
--
ALTER TABLE `users`
  MODIFY `nrp` bigint(20) UNSIGNED NOT NULL AUTO_INCREMENT, AUTO_INCREMENT=161022026;

--
-- AUTO_INCREMENT untuk tabel `user_pelanggarans`
--
ALTER TABLE `user_pelanggarans`
  MODIFY `idrekap` int(11) NOT NULL AUTO_INCREMENT, AUTO_INCREMENT=162;

--
-- Ketidakleluasaan untuk tabel pelimpahan (Dumped Tables)
--

--
-- Ketidakleluasaan untuk tabel `ambil_rc`
--
ALTER TABLE `ambil_rc`
  ADD CONSTRAINT `fk_rc_cabang_has_users_rc_cabang` FOREIGN KEY (`rc_idrc`) REFERENCES `rc_cabang` (`idrc`) ON DELETE NO ACTION ON UPDATE NO ACTION,
  ADD CONSTRAINT `fk_rc_cabang_has_users_users1` FOREIGN KEY (`users_nrp`) REFERENCES `users` (`nrp`) ON DELETE NO ACTION ON UPDATE CASCADE;

--
-- Ketidakleluasaan untuk tabel `daftar_petuah`
--
ALTER TABLE `daftar_petuah`
  ADD CONSTRAINT `fk_alpha_has_petuah_alpha1` FOREIGN KEY (`idalpha`) REFERENCES `alpha` (`idalpha`) ON DELETE NO ACTION ON UPDATE NO ACTION,
  ADD CONSTRAINT `fk_alpha_has_petuah_petuah1` FOREIGN KEY (`idpetuah`) REFERENCES `petuah` (`idpetuah`) ON DELETE NO ACTION ON UPDATE NO ACTION;

--
-- Ketidakleluasaan untuk tabel `kendala_maharu`
--
ALTER TABLE `kendala_maharu`
  ADD CONSTRAINT `fk_kendala_maharu_users1` FOREIGN KEY (`nrp`) REFERENCES `users` (`nrp`) ON DELETE NO ACTION ON UPDATE NO ACTION;

--
-- Ketidakleluasaan untuk tabel `rc_cabang`
--
ALTER TABLE `rc_cabang`
  ADD CONSTRAINT `fk_rc_cabang_users1` FOREIGN KEY (`nrp_koor`) REFERENCES `users` (`nrp`) ON DELETE NO ACTION ON UPDATE NO ACTION;

--
-- Ketidakleluasaan untuk tabel `rc_syaratketentuan`
--
ALTER TABLE `rc_syaratketentuan`
  ADD CONSTRAINT `fk_rc_syaratketentuan_rc_cabang1` FOREIGN KEY (`idrc`) REFERENCES `rc_cabang` (`idrc`) ON DELETE NO ACTION ON UPDATE NO ACTION;

--
-- Ketidakleluasaan untuk tabel `rekap_presensis`
--
ALTER TABLE `rekap_presensis`
  ADD CONSTRAINT `fk_users_has_presensi_presensi1` FOREIGN KEY (`idpresensi`) REFERENCES `presensis` (`idpresensi`) ON DELETE NO ACTION ON UPDATE NO ACTION,
  ADD CONSTRAINT `fk_users_has_presensi_users1` FOREIGN KEY (`nrp`) REFERENCES `users` (`nrp`) ON DELETE NO ACTION ON UPDATE CASCADE;

--
-- Ketidakleluasaan untuk tabel `user_pelanggarans`
--
ALTER TABLE `user_pelanggarans`
  ADD CONSTRAINT `fk_pelanggaran_has_users_pelanggaran1` FOREIGN KEY (`idpelanggaran`) REFERENCES `pelanggarans` (`idpelanggaran`) ON DELETE NO ACTION ON UPDATE NO ACTION,
  ADD CONSTRAINT `fk_pelanggaran_has_users_users1` FOREIGN KEY (`users_nrp`) REFERENCES `users` (`nrp`) ON DELETE NO ACTION ON UPDATE CASCADE;
COMMIT;

/*!40101 SET CHARACTER_SET_CLIENT=@OLD_CHARACTER_SET_CLIENT */;
/*!40101 SET CHARACTER_SET_RESULTS=@OLD_CHARACTER_SET_RESULTS */;
/*!40101 SET COLLATION_CONNECTION=@OLD_COLLATION_CONNECTION */;
